phase,dead_space_ratio,outline_side,cold_success_rate,robust,layout_path,seed,mode,status,legal,HPWL,runtime,evaluations,proposals,accepted,restarts_completed,first_feasible_evaluation,first_feasible_time,formal_audit_match,error
threshold,0.15,449.5001668520269,1.0,True,,2201,cold,timeout,True,508673.5,60.00304569979198,7550,7299,928,2,1,0.2261482998728752,True,
threshold,0.15,449.5001668520269,1.0,True,,2202,cold,timeout,True,511461.0,60.00084639992565,7623,7299,899,2,1,0.2299828000832349,True,
threshold,0.15,449.5001668520269,1.0,True,,2203,cold,timeout,True,518464.0,60.00057679996826,7502,7299,940,2,1,0.22829049988649786,True,
threshold,0.15,449.5001668520269,1.0,True,,2204,cold,timeout,True,511653.5,60.00477380002849,7593,7299,877,2,1,0.2417659000493586,True,
threshold,0.15,449.5001668520269,1.0,True,,2205,cold,timeout,True,518062.0,60.001010899897665,7628,7299,772,2,1,0.20180709986016154,True,
threshold,0.15,449.5001668520269,1.0,True,,2206,cold,timeout,True,518039.0,60.00204379996285,7694,7299,854,2,1,0.19458629982545972,True,
threshold,0.15,449.5001668520269,1.0,True,,2207,cold,timeout,True,508264.5,60.002955599920824,7519,7299,848,2,1,0.241892300080508,True,
threshold,0.15,449.5001668520269,1.0,True,,2208,cold,timeout,True,501930.0,60.00161190005019,7598,7299,824,2,1,0.17548100021667778,True,
threshold,0.15,449.5001668520269,1.0,True,,2209,cold,timeout,True,508984.0,60.004728000145406,7752,7350,839,2,1,0.20446510007604957,True,
threshold,0.15,449.5001668520269,1.0,True,,2210,cold,timeout,True,518405.0,60.00430420017801,7771,7369,707,2,1,0.2207441001664847,True,
threshold,0.15,449.5001668520269,1.0,True,,2211,cold,timeout,True,502312.0,60.00565390009433,7707,7305,802,2,1,0.19038330018520355,True,
threshold,0.15,449.5001668520269,1.0,True,,2212,cold,timeout,True,518992.5,60.00370530015789,7755,7353,753,2,1,0.17848150013014674,True,
threshold,0.15,449.5001668520269,1.0,True,,2213,cold,timeout,True,512106.5,60.00312340003438,7682,7299,780,2,1,0.23128230008296669,True,
threshold,0.15,449.5001668520269,1.0,True,,2214,cold,timeout,True,502764.5,60.00369150005281,7711,7309,862,2,1,0.19240569998510182,True,
threshold,0.15,449.5001668520269,1.0,True,,2215,cold,timeout,True,504830.5,60.001167099922895,7666,7299,868,2,1,0.1995845998171717,True,
threshold,0.15,449.5001668520269,1.0,True,,2216,cold,timeout,True,517407.5,60.00260000000708,7685,7299,1129,2,1,0.1996770000550896,True,
threshold,0.15,449.5001668520269,1.0,True,,2217,cold,timeout,True,515236.0,60.004408799810335,7860,7458,951,2,1,0.1692954997997731,True,
threshold,0.15,449.5001668520269,1.0,True,,2218,cold,timeout,True,505880.5,60.00544989993796,7802,7400,880,2,1,0.18347449996508658,True,
threshold,0.15,449.5001668520269,1.0,True,,2219,cold,timeout,True,517601.5,60.003258399898186,7774,7372,869,2,1,0.18575529986992478,True,
threshold,0.15,449.5001668520269,1.0,True,,2220,cold,timeout,True,517161.5,60.0018635999877,7771,7369,918,2,1,0.18285619979724288,True,
threshold,0.145,448.5219281150031,1.0,True,,2201,cold,timeout,True,504884.5,60.00024239998311,7820,7418,829,2,1,0.2031491999514401,True,
threshold,0.145,448.5219281150031,1.0,True,,2202,cold,timeout,True,506528.0,60.00670720008202,8023,7621,897,2,1,0.19645839999429882,True,
threshold,0.145,448.5219281150031,1.0,True,,2203,cold,timeout,True,519362.5,60.003892299951985,7983,7581,1079,2,1,0.18160349992103875,True,
threshold,0.145,448.5219281150031,1.0,True,,2204,cold,timeout,True,518868.0,60.00370200001635,7970,7568,876,2,1,0.1839314999524504,True,
threshold,0.145,448.5219281150031,1.0,True,,2205,cold,timeout,True,519033.5,60.00278170011006,7893,7491,884,2,1,0.22393430001102388,True,
threshold,0.145,448.5219281150031,1.0,True,,2206,cold,timeout,True,517318.5,60.00190960010514,7940,7538,887,2,1,0.2175305001437664,True,
threshold,0.145,448.5219281150031,1.0,True,,2207,cold,timeout,True,505155.0,60.0046932999976,8056,7654,815,2,1,0.2014280001167208,True,
threshold,0.145,448.5219281150031,1.0,True,,2208,cold,timeout,True,512621.0,60.00263349991292,7878,7476,866,2,1,0.2138223999645561,True,
threshold,0.145,448.5219281150031,1.0,True,,2209,cold,timeout,True,508534.5,60.004474400077015,7893,7491,881,2,1,0.20413980004377663,True,
threshold,0.145,448.5219281150031,1.0,True,,2210,cold,timeout,True,519303.5,60.00642420002259,7918,7516,781,2,1,0.1741901000496,True,
threshold,0.145,448.5219281150031,1.0,True,,2211,cold,timeout,True,500419.5,60.00264099985361,7959,7557,921,2,1,0.1695147999562323,True,
threshold,0.145,448.5219281150031,1.0,True,,2212,cold,timeout,True,512730.0,60.002226900076494,7861,7459,946,2,1,0.1656096000224352,True,
threshold,0.145,448.5219281150031,1.0,True,,2213,cold,timeout,True,512263.0,60.00328029994853,7799,7397,919,2,1,0.1928499999921769,True,
threshold,0.145,448.5219281150031,1.0,True,,2214,cold,timeout,True,520084.5,60.00749130011536,7845,7443,781,2,1,0.21022350015118718,True,
threshold,0.145,448.5219281150031,1.0,True,,2215,cold,timeout,True,506541.0,60.00356680015102,7856,7454,1033,2,1,0.187687800033018,True,
threshold,0.145,448.5219281150031,1.0,True,,2216,cold,timeout,True,509105.5,60.004588400013745,7762,7360,924,2,1,0.21701060002669692,True,
threshold,0.145,448.5219281150031,1.0,True,,2217,cold,timeout,True,518241.5,60.0010991001036,7983,7581,864,2,1,0.19645310007035732,True,
threshold,0.145,448.5219281150031,1.0,True,,2218,cold,timeout,True,503649.5,60.00097479997203,8041,7639,938,2,1,0.1776173000689596,True,
threshold,0.145,448.5219281150031,1.0,True,,2219,cold,timeout,True,517197.5,60.00317130004987,8010,7608,900,2,1,0.18500549998134375,True,
threshold,0.145,448.5219281150031,1.0,True,,2220,cold,timeout,True,517780.0,60.00340740010142,8032,7630,887,2,1,0.2010178999044001,True,
threshold,0.14,447.5415511435782,1.0,True,,2201,cold,timeout,True,512189.0,60.0005913998466,8058,7656,852,2,1,0.19876839988864958,True,
threshold,0.14,447.5415511435782,1.0,True,,2202,cold,timeout,True,508765.0,60.003070400096476,8040,7638,899,2,1,0.20790669997222722,True,
threshold,0.14,447.5415511435782,1.0,True,,2203,cold,timeout,True,521524.5,60.00430140015669,7974,7572,1094,2,1,0.20234389998950064,True,
threshold,0.14,447.5415511435782,1.0,True,,2204,cold,timeout,True,521239.0,60.00401329994202,7992,7590,1091,2,1,0.1919734999537468,True,
threshold,0.14,447.5415511435782,1.0,True,,2205,cold,timeout,True,519786.5,60.000648899935186,7993,7591,783,2,1,0.16409829980693758,True,
threshold,0.14,447.5415511435782,1.0,True,,2206,cold,timeout,True,517003.0,60.00154939992353,8140,7738,874,2,1,0.17372189997695386,True,
threshold,0.14,447.5415511435782,1.0,True,,2207,cold,timeout,True,518518.0,60.0000166001264,7993,7591,899,2,1,0.17083620000630617,True,
threshold,0.14,447.5415511435782,1.0,True,,2208,cold,timeout,True,518915.5,60.0023151000496,8029,7627,813,2,1,0.18147660000249743,True,
threshold,0.14,447.5415511435782,1.0,True,,2209,cold,timeout,True,507904.0,60.00063159991987,7876,7474,921,2,1,0.18599499994888902,True,
threshold,0.14,447.5415511435782,1.0,True,,2210,cold,timeout,True,521687.0,60.00389220006764,7918,7516,937,2,1,0.17893730010837317,True,
threshold,0.14,447.5415511435782,1.0,True,,2211,cold,timeout,True,504851.5,60.00252500013448,7900,7498,872,2,1,0.18021510005928576,True,
threshold,0.14,447.5415511435782,1.0,True,,2212,cold,timeout,True,521196.5,60.007127400022,7918,7516,804,2,1,0.18516530003398657,True,
threshold,0.14,447.5415511435782,1.0,True,,2213,cold,timeout,True,520827.0,60.004755599889904,8018,7616,912,2,1,0.1927028999198228,True,
threshold,0.14,447.5415511435782,1.0,True,,2214,cold,timeout,True,521666.0,60.00245389994234,7896,7494,965,2,1,0.21238869987428188,True,
threshold,0.14,447.5415511435782,1.0,True,,2215,cold,timeout,True,508502.5,60.004801500122994,7930,7528,915,2,1,0.2195850999560207,True,
threshold,0.14,447.5415511435782,1.0,True,,2216,cold,timeout,True,522318.0,60.01006200001575,7835,7433,1076,2,1,0.2512481000740081,True,
threshold,0.14,447.5415511435782,1.0,True,,2217,cold,timeout,True,509014.0,60.005221699830145,7813,7411,962,2,1,0.20250679994933307,True,
threshold,0.14,447.5415511435782,1.0,True,,2218,cold,timeout,True,517109.5,60.00431609991938,7886,7484,812,2,1,0.21149279992096126,True,
threshold,0.14,447.5415511435782,1.0,True,,2219,cold,timeout,True,519379.5,60.00317279994488,7976,7574,1014,2,1,0.20301739987917244,True,
threshold,0.14,447.5415511435782,1.0,True,,2220,cold,timeout,True,520298.5,60.00270750001073,7948,7546,896,2,1,0.17871969984844327,True,
threshold,0.135,446.55902185489435,1.0,True,,2201,cold,timeout,True,517160.0,60.003371899947524,7911,7509,872,2,1,0.17432200000621378,True,
threshold,0.135,446.55902185489435,1.0,True,,2202,cold,timeout,True,516456.5,60.00042900000699,8010,7608,888,2,1,0.15956509998068213,True,
threshold,0.135,446.55902185489435,1.0,True,,2203,cold,timeout,True,518097.0,60.00275749992579,7823,7421,911,2,1,0.1781058998312801,True,
threshold,0.135,446.55902185489435,1.0,True,,2204,cold,timeout,True,508549.5,60.00014569982886,7899,7497,816,2,1,0.17189789982512593,True,
threshold,0.135,446.55902185489435,1.0,True,,2205,cold,timeout,True,519439.0,60.005757600069046,7896,7494,876,2,1,0.19805490016005933,True,
threshold,0.135,446.55902185489435,1.0,True,,2206,cold,timeout,True,519341.0,60.0034042999614,7886,7484,1067,2,1,0.1993926998693496,True,
threshold,0.135,446.55902185489435,1.0,True,,2207,cold,timeout,True,511282.5,60.00443210010417,8028,7626,847,2,1,0.22001930000260472,True,
threshold,0.135,446.55902185489435,1.0,True,,2208,cold,timeout,True,517013.5,60.00164629984647,7950,7548,850,2,1,0.16793729993514717,True,
threshold,0.135,446.55902185489435,1.0,True,,2209,cold,timeout,True,515039.0,60.006104700034484,7873,7471,837,2,1,0.16382450005039573,True,
threshold,0.135,446.55902185489435,1.0,True,,2210,cold,timeout,True,519880.5,60.004059799946845,7848,7446,869,2,1,0.24049880006350577,True,
threshold,0.135,446.55902185489435,1.0,True,,2211,cold,timeout,True,512653.5,60.001246799947694,7871,7469,812,2,1,0.20818640012294054,True,
threshold,0.135,446.55902185489435,1.0,True,,2212,cold,timeout,True,508780.0,60.00186609989032,7899,7497,856,2,1,0.20480949990451336,True,
threshold,0.135,446.55902185489435,1.0,True,,2213,cold,timeout,True,516834.0,60.003079700050876,7801,7399,733,2,1,0.1853090999647975,True,
threshold,0.135,446.55902185489435,1.0,True,,2214,cold,timeout,True,519744.0,60.00333309988491,7847,7445,952,2,1,0.16646489989943802,True,
threshold,0.135,446.55902185489435,1.0,True,,2215,cold,timeout,True,510412.5,60.00012520002201,7877,7475,926,2,1,0.19057840015739202,True,
threshold,0.135,446.55902185489435,1.0,True,,2216,cold,timeout,True,520321.5,60.003974799998105,7835,7433,818,2,1,0.19622180005535483,True,
threshold,0.135,446.55902185489435,1.0,True,,2217,cold,timeout,True,511868.0,60.00830960017629,7821,7419,898,2,1,0.22782959998585284,True,
threshold,0.135,446.55902185489435,1.0,True,,2218,cold,timeout,True,513395.0,60.00122270011343,7881,7479,877,2,1,0.16724340012297034,True,
threshold,0.135,446.55902185489435,1.0,True,,2219,cold,timeout,True,517537.5,60.00481120008044,7836,7434,814,2,1,0.19821740011684597,True,
threshold,0.135,446.55902185489435,1.0,True,,2220,cold,timeout,True,518484.0,60.00881980010308,7963,7561,1019,2,1,0.17464650003239512,True,
threshold,0.13,445.5743260108239,1.0,True,,2201,cold,timeout,True,515647.5,60.00241369986907,7973,7571,878,2,1,0.18895539990626276,True,
threshold,0.13,445.5743260108239,1.0,True,,2202,cold,timeout,True,518990.5,60.00015870016068,7995,7593,890,2,1,0.1960776001214981,True,
threshold,0.13,445.5743260108239,1.0,True,,2203,cold,timeout,True,518581.5,60.00240259990096,7896,7494,907,2,1,0.19534109998494387,True,
threshold,0.13,445.5743260108239,1.0,True,,2204,cold,timeout,True,507491.5,60.00127570005134,7962,7560,865,2,1,0.17710940004326403,True,
threshold,0.13,445.5743260108239,1.0,True,,2205,cold,timeout,True,519577.0,60.005634299945086,7917,7515,925,2,1,0.20533359982073307,True,
threshold,0.13,445.5743260108239,1.0,True,,2206,cold,timeout,True,519460.5,60.00865610013716,7892,7490,966,2,1,0.16824840009212494,True,
threshold,0.13,445.5743260108239,1.0,True,,2207,cold,timeout,True,519344.5,60.00085230008699,7973,7571,940,2,1,0.17236450011841953,True,
threshold,0.13,445.5743260108239,1.0,True,,2208,cold,timeout,True,502713.0,60.000837499974295,8049,7647,778,2,1,0.17447030008770525,True,
threshold,0.13,445.5743260108239,1.0,True,,2209,cold,timeout,True,507984.0,60.00026679993607,7945,7543,925,2,1,0.18556939996778965,True,
threshold,0.13,445.5743260108239,1.0,True,,2210,cold,timeout,True,519950.0,60.00095929997042,7829,7427,1057,2,1,0.20230519981123507,True,
threshold,0.13,445.5743260108239,1.0,True,,2211,cold,timeout,True,519934.5,60.002310199895874,7870,7468,892,2,1,0.18133029993623495,True,
threshold,0.13,445.5743260108239,1.0,True,,2212,cold,timeout,True,518160.0,60.00293169985525,7887,7485,786,2,1,0.17703959997743368,True,
threshold,0.13,445.5743260108239,1.0,True,,2213,cold,timeout,True,519157.0,60.00034359982237,7902,7500,893,2,1,0.1800239000003785,True,
threshold,0.13,445.5743260108239,1.0,True,,2214,cold,timeout,True,519312.0,60.002490299986675,7864,7462,848,2,1,0.19351199991069734,True,
threshold,0.13,445.5743260108239,1.0,True,,2215,cold,timeout,True,519236.5,60.0029041999951,7838,7436,795,2,1,0.17805450013838708,True,
threshold,0.13,445.5743260108239,1.0,True,,2216,cold,timeout,True,520556.5,60.00462230015546,7892,7490,896,2,1,0.18495060014538467,True,
threshold,0.13,445.5743260108239,1.0,True,,2217,cold,timeout,True,519076.5,60.006599199958146,7881,7479,803,2,1,0.18803919991478324,True,
threshold,0.13,445.5743260108239,1.0,True,,2218,cold,timeout,True,516336.0,60.01029919995926,7864,7462,744,2,1,0.19655039999634027,True,
threshold,0.13,445.5743260108239,1.0,True,,2219,cold,timeout,True,517182.0,60.00818740017712,7856,7454,880,2,1,0.1832125000655651,True,
threshold,0.13,445.5743260108239,1.0,True,,2220,cold,timeout,True,517481.5,60.003049299819395,7903,7501,1019,2,1,0.2186704999767244,True,
threshold,0.125,444.5874492155621,1.0,True,,2201,cold,timeout,True,506053.5,60.00326979998499,8068,7666,884,2,1,0.24371650000102818,True,
threshold,0.125,444.5874492155621,1.0,True,,2202,cold,timeout,True,515190.0,60.00251119979657,7984,7582,969,2,1,0.24703129986301064,True,
threshold,0.125,444.5874492155621,1.0,True,,2203,cold,timeout,True,517426.0,60.00187309994362,8000,7598,1096,2,1,0.22918869997374713,True,
threshold,0.125,444.5874492155621,1.0,True,,2204,cold,timeout,True,514049.0,60.00997509993613,8107,7705,770,2,1,0.23163660010322928,True,
threshold,0.125,444.5874492155621,1.0,True,,2205,cold,timeout,True,518352.5,60.0065213998314,7681,7299,938,2,1,0.19515489996410906,True,
threshold,0.125,444.5874492155621,1.0,True,,2206,cold,timeout,True,518153.0,60.004700699821115,7662,7299,985,2,1,0.22469810000620782,True,
threshold,0.125,444.5874492155621,1.0,True,,2207,cold,timeout,True,517909.5,60.00410780007951,7757,7355,895,2,1,0.187314199982211,True,
threshold,0.125,444.5874492155621,1.0,True,,2208,cold,timeout,True,504495.0,60.0080675999634,7750,7348,730,2,1,0.18989409995265305,True,
threshold,0.125,444.5874492155621,1.0,True,,2209,cold,timeout,True,515582.0,60.003695599967614,7884,7482,778,2,1,0.18156359996646643,True,
threshold,0.125,444.5874492155621,1.0,True,,2210,cold,timeout,True,518503.0,60.005554100032896,7798,7396,928,2,1,0.18847399996593595,True,
threshold,0.125,444.5874492155621,1.0,True,,2211,cold,timeout,True,518489.0,60.005037100054324,7839,7437,1121,2,1,0.19332679989747703,True,
threshold,0.125,444.5874492155621,1.0,True,,2212,cold,timeout,True,509523.0,60.00159309990704,7910,7508,766,2,1,0.19287979998625815,True,
threshold,0.125,444.5874492155621,1.0,True,,2213,cold,timeout,True,516973.0,60.00562329986133,7796,7394,875,2,1,0.18452999996952713,True,
threshold,0.125,444.5874492155621,1.0,True,,2214,cold,timeout,True,518913.0,60.0033108999487,7793,7391,789,2,1,0.21233409992419183,True,
threshold,0.125,444.5874492155621,1.0,True,,2215,cold,timeout,True,514593.0,60.0015269999858,7755,7353,760,2,1,0.20971440011635423,True,
threshold,0.125,444.5874492155621,1.0,True,,2216,cold,timeout,True,519205.5,60.00182370003313,7866,7464,1018,2,1,0.20496369991451502,True,
threshold,0.125,444.5874492155621,1.0,True,,2217,cold,timeout,True,506746.5,60.00278940005228,7953,7551,795,2,1,0.1727314000017941,True,
threshold,0.125,444.5874492155621,1.0,True,,2218,cold,timeout,True,515016.0,60.00150829995982,7964,7562,839,2,1,0.17775680008344352,True,
threshold,0.125,444.5874492155621,1.0,True,,2219,cold,timeout,True,515219.0,60.0071463000495,7959,7557,847,2,1,0.19552900013513863,True,
threshold,0.125,444.5874492155621,1.0,True,,2220,cold,timeout,True,515249.5,60.00093219988048,7980,7578,801,2,1,0.17910039983689785,True,
threshold,0.12,443.5983769131713,1.0,True,,2201,cold,timeout,True,522431.0,60.00577430007979,8013,7611,845,2,1,0.22140739997848868,True,
threshold,0.12,443.5983769131713,1.0,True,,2202,cold,timeout,True,518795.5,60.00605110009201,8016,7614,806,2,1,0.21619669999927282,True,
threshold,0.12,443.5983769131713,1.0,True,,2203,cold,timeout,True,520948.0,60.006135399919,7919,7517,1030,2,1,0.17953399987891316,True,
threshold,0.12,443.5983769131713,1.0,True,,2204,cold,timeout,True,516380.0,60.00232430011965,7983,7581,780,2,1,0.17698210012167692,True,
threshold,0.12,443.5983769131713,1.0,True,,2205,cold,timeout,True,522629.0,60.00116450013593,7955,7553,927,2,1,0.20168219995684922,True,
threshold,0.12,443.5983769131713,1.0,True,,2206,cold,timeout,True,522459.5,60.003563700011,8013,7611,849,2,1,0.23512119986116886,True,
threshold,0.12,443.5983769131713,1.0,True,,2207,cold,timeout,True,520658.5,60.00553900003433,7929,7527,876,2,1,0.1662485001143068,True,
threshold,0.12,443.5983769131713,1.0,True,,2208,cold,timeout,True,509468.5,60.006555000087246,7979,7577,757,2,1,0.17929280013777316,True,
threshold,0.12,443.5983769131713,1.0,True,,2209,cold,timeout,True,515823.0,60.00044110021554,7874,7472,878,2,1,0.17647920013405383,True,
threshold,0.12,443.5983769131713,1.0,True,,2210,cold,timeout,True,522865.5,60.00304330000654,7764,7362,795,2,1,0.19618600001558661,True,
threshold,0.12,443.5983769131713,1.0,True,,2211,cold,timeout,True,522910.0,60.00606619985774,7732,7330,979,2,1,0.22223629988729954,True,
threshold,0.12,443.5983769131713,1.0,True,,2212,cold,timeout,True,510315.0,60.0026776001323,7794,7392,796,2,1,0.2389885000884533,True,
threshold,0.12,443.5983769131713,1.0,True,,2213,cold,timeout,True,518949.0,60.00258200010285,7897,7495,816,2,1,0.19825890008360147,True,
threshold,0.12,443.5983769131713,1.0,True,,2214,cold,timeout,True,523524.5,60.00073239998892,7838,7436,838,2,1,0.17975870007649064,True,
threshold,0.12,443.5983769131713,1.0,True,,2215,cold,timeout,True,520843.5,60.01063799997792,7912,7510,879,2,1,0.1989674000069499,True,
threshold,0.12,443.5983769131713,1.0,True,,2216,cold,timeout,True,523475.0,60.00317619997077,7854,7452,925,2,1,0.17040729988366365,True,
threshold,0.12,443.5983769131713,1.0,True,,2217,cold,timeout,True,520163.5,60.00032000010833,7918,7516,796,2,1,0.2435014999937266,True,
threshold,0.12,443.5983769131713,1.0,True,,2218,cold,timeout,True,520032.5,60.00044930004515,7737,7335,817,2,1,0.23749430011957884,True,
threshold,0.12,443.5983769131713,1.0,True,,2219,cold,timeout,True,520636.5,60.00452819978818,7853,7451,780,2,1,0.2383543998003006,True,
threshold,0.12,443.5983769131713,1.0,True,,2220,cold,timeout,True,522464.5,60.00575300003402,7927,7525,896,2,1,0.19227600004523993,True,
threshold,0.115,442.6070943850765,1.0,True,,2201,cold,timeout,True,518733.0,60.00356650003232,7885,7483,824,2,1,0.1886541999410838,True,
threshold,0.115,442.6070943850765,1.0,True,,2202,cold,timeout,True,509466.0,60.00035919994116,7945,7543,863,2,1,0.195356999989599,True,
threshold,0.115,442.6070943850765,1.0,True,,2203,cold,timeout,True,518720.0,60.00611860002391,7895,7493,910,2,1,0.17730290000326931,True,
threshold,0.115,442.6070943850765,1.0,True,,2204,cold,timeout,True,518738.0,60.01027490012348,7948,7546,825,2,1,0.17284010001458228,True,
threshold,0.115,442.6070943850765,1.0,True,,2205,cold,timeout,True,518615.0,60.001245099818334,7892,7490,889,2,1,0.16770270001143217,True,
threshold,0.115,442.6070943850765,1.0,True,,2206,cold,timeout,True,518903.0,60.00599700002931,7811,7409,979,2,1,0.1870458999183029,True,
threshold,0.115,442.6070943850765,1.0,True,,2207,cold,timeout,True,513747.0,60.00129919988103,7954,7552,700,2,1,0.19017069996334612,True,
threshold,0.115,442.6070943850765,1.0,True,,2208,cold,timeout,True,506789.5,60.00287740002386,7928,7526,798,2,1,0.19777670013718307,True,
threshold,0.115,442.6070943850765,1.0,True,,2209,cold,timeout,True,516822.0,60.00286399992183,7938,7536,828,2,1,0.18481039977632463,True,
threshold,0.115,442.6070943850765,1.0,True,,2210,cold,timeout,True,518720.0,60.00023370003328,7839,7437,802,2,1,0.1890849000774324,True,
threshold,0.115,442.6070943850765,1.0,True,,2211,cold,timeout,True,518763.5,60.00887140003033,7885,7483,864,2,1,0.22938570007681847,True,
threshold,0.115,442.6070943850765,1.0,True,,2212,cold,timeout,True,515525.0,60.00046729994938,7908,7506,774,2,1,0.21074339980259538,True,
threshold,0.115,442.6070943850765,1.0,True,,2213,cold,timeout,True,519520.0,60.00828760000877,7815,7413,962,2,1,0.2043265998363495,True,
threshold,0.115,442.6070943850765,1.0,True,,2214,cold,timeout,True,518445.5,60.00538620003499,7869,7467,763,2,1,0.17963639996014535,True,
threshold,0.115,442.6070943850765,1.0,True,,2215,cold,timeout,True,513787.5,60.00382780004293,7854,7452,735,2,1,0.22974500013515353,True,
threshold,0.115,442.6070943850765,1.0,True,,2216,cold,timeout,True,519304.5,60.003424800001085,7748,7346,1035,2,1,0.2219455000013113,True,
threshold,0.115,442.6070943850765,1.0,True,,2217,cold,timeout,True,508214.5,60.00288149993867,7899,7497,822,2,1,0.18766109994612634,True,
threshold,0.115,442.6070943850765,1.0,True,,2218,cold,timeout,True,509750.5,60.001757899997756,7934,7532,867,2,1,0.21640809997916222,True,
threshold,0.115,442.6070943850765,1.0,True,,2219,cold,timeout,True,517946.0,60.004394500050694,7894,7492,1012,2,1,0.2155526999849826,True,
threshold,0.115,442.6070943850765,1.0,True,,2220,cold,timeout,True,518636.0,60.00630289991386,8038,7636,930,2,1,0.21928929979912937,True,
threshold,0.11,441.61358674750943,1.0,True,,2201,cold,timeout,True,511507.0,60.0017705000937,8009,7607,842,2,1,0.21139620011672378,True,
threshold,0.11,441.61358674750943,1.0,True,,2202,cold,timeout,True,519926.5,60.006643699947745,8040,7638,823,2,1,0.1891447000671178,True,
threshold,0.11,441.61358674750943,1.0,True,,2203,cold,timeout,True,522995.0,60.005455899983644,8000,7598,934,2,1,0.19378410000354052,True,
threshold,0.11,441.61358674750943,1.0,True,,2204,cold,timeout,True,523369.5,60.00044560013339,7975,7573,1018,2,1,0.16733300010673702,True,
threshold,0.11,441.61358674750943,1.0,True,,2205,cold,timeout,True,523428.0,60.00635359995067,7955,7553,953,2,1,0.1792846000753343,True,
threshold,0.11,441.61358674750943,1.0,True,,2206,cold,timeout,True,523508.5,60.002717699855566,7942,7540,788,2,1,0.1840219998266548,True,
threshold,0.11,441.61358674750943,1.0,True,,2207,cold,timeout,True,523138.5,60.00538849993609,7906,7504,781,2,1,0.1841619999613613,True,
threshold,0.11,441.61358674750943,1.0,True,,2208,cold,timeout,True,506164.5,60.009002699982375,8068,7666,887,2,1,0.19887079996988177,True,
threshold,0.11,441.61358674750943,1.0,True,,2209,cold,timeout,True,514028.5,60.00276379985735,7894,7492,837,2,1,0.19187489990144968,True,
threshold,0.11,441.61358674750943,1.0,True,,2210,cold,timeout,True,523884.0,60.00562850013375,7883,7481,928,2,1,0.17980549996718764,True,
threshold,0.11,441.61358674750943,1.0,True,,2211,cold,timeout,True,523909.0,60.00536730000749,7958,7556,974,2,1,0.17718179989606142,True,
threshold,0.11,441.61358674750943,1.0,True,,2212,cold,timeout,True,513521.0,60.00082279997878,7964,7562,826,2,1,0.17565669980831444,True,
threshold,0.11,441.61358674750943,1.0,True,,2213,cold,timeout,True,523986.5,60.01103170006536,7865,7463,824,2,1,0.1921092001721263,True,
threshold,0.11,441.61358674750943,1.0,True,,2214,cold,timeout,True,524499.0,60.00432430021465,7777,7375,793,2,1,0.17557770013809204,True,
threshold,0.11,441.61358674750943,1.0,True,,2215,cold,timeout,True,524104.5,60.005271799862385,7844,7442,819,2,1,0.17792799999006093,True,
threshold,0.11,441.61358674750943,1.0,True,,2216,cold,timeout,True,511839.0,60.00413650018163,7957,7555,723,2,1,0.17211100016720593,True,
threshold,0.11,441.61358674750943,1.0,True,,2217,cold,timeout,True,517663.0,60.00191170000471,7924,7522,877,2,1,0.1830801998730749,True,
threshold,0.11,441.61358674750943,1.0,True,,2218,cold,timeout,True,521526.0,60.00008279993199,7889,7487,727,2,1,0.18072299985215068,True,
threshold,0.11,441.61358674750943,1.0,True,,2219,cold,timeout,True,522145.0,60.00328419986181,7905,7503,937,2,1,0.22299779998138547,True,
threshold,0.11,441.61358674750943,1.0,True,,2220,cold,timeout,True,523453.5,60.00343849998899,7830,7428,818,2,1,0.22242610016837716,True,
threshold,0.105,440.61783894890135,1.0,True,,2201,cold,timeout,True,518962.5,60.00367070012726,8128,7726,848,2,1,0.21524890000000596,True,
threshold,0.105,440.61783894890135,1.0,True,,2202,cold,timeout,True,524315.5,60.00424399995245,7875,7473,808,2,1,0.20451750000938773,True,
threshold,0.105,440.61783894890135,1.0,True,,2203,cold,timeout,True,522636.5,60.002969100140035,7843,7441,866,2,1,0.18196710012853146,True,
threshold,0.105,440.61783894890135,1.0,True,,2204,cold,timeout,True,523411.0,60.00054330006242,7966,7564,841,2,1,0.1878921000752598,True,
threshold,0.105,440.61783894890135,1.0,True,,2205,cold,timeout,True,523504.0,60.00482039991766,7899,7497,945,2,1,0.2626555999740958,True,
threshold,0.105,440.61783894890135,1.0,True,,2206,cold,timeout,True,523458.5,60.005226799985394,7929,7527,908,2,1,0.20670290011912584,True,
threshold,0.105,440.61783894890135,1.0,True,,2207,cold,timeout,True,514357.0,60.0012811999768,8047,7645,715,2,1,0.21666970010846853,True,
threshold,0.105,440.61783894890135,1.0,True,,2208,cold,timeout,True,516726.5,60.00392249994911,7836,7434,738,2,1,0.19948239997029305,True,
threshold,0.105,440.61783894890135,1.0,True,,2209,cold,timeout,True,521872.5,60.003991700010374,7995,7593,780,2,1,0.16155329998582602,True,
threshold,0.105,440.61783894890135,1.0,True,,2210,cold,timeout,True,523992.0,60.00815339991823,7884,7482,1007,2,1,0.19569279998540878,True,
threshold,0.105,440.61783894890135,1.0,True,,2211,cold,timeout,True,523997.5,60.01181619986892,8084,7682,973,2,1,0.16933459998108447,True,
threshold,0.105,440.61783894890135,1.0,True,,2212,cold,timeout,True,520275.0,60.00306009990163,8030,7628,784,2,1,0.17873649997636676,True,
threshold,0.105,440.61783894890135,1.0,True,,2213,cold,timeout,True,520025.5,60.00228810007684,8109,7707,767,2,1,0.22522790008224547,True,
threshold,0.105,440.61783894890135,1.0,True,,2214,cold,timeout,True,522880.5,60.00170680019073,8045,7643,762,2,1,0.1886911999899894,True,
threshold,0.105,440.61783894890135,1.0,True,,2215,cold,timeout,True,524238.0,60.003506700042635,8028,7626,1008,2,1,0.21660470007918775,True,
threshold,0.105,440.61783894890135,1.0,True,,2216,cold,timeout,True,524423.5,60.005291800014675,7973,7571,855,2,1,0.18796640005894005,True,
threshold,0.105,440.61783894890135,1.0,True,,2217,cold,timeout,True,513797.0,60.00085370009765,8090,7688,798,2,1,0.17556859995238483,True,
threshold,0.105,440.61783894890135,1.0,True,,2218,cold,timeout,True,522686.5,60.001135299913585,8023,7621,840,2,1,0.19598770001903176,True,
threshold,0.105,440.61783894890135,1.0,True,,2219,cold,timeout,True,522178.0,60.00520380004309,8057,7655,1032,2,1,0.17906860006041825,True,
threshold,0.105,440.61783894890135,1.0,True,,2220,cold,timeout,True,523596.5,60.002581199863926,7929,7527,822,2,1,0.18308290001004934,True,
threshold,0.1,439.61983576722287,1.0,True,,2201,cold,timeout,True,522020.0,60.006265699863434,7967,7565,1027,2,1,0.17552789999172091,True,
threshold,0.1,439.61983576722287,1.0,True,,2202,cold,timeout,True,519948.5,60.00659379991703,8146,7744,822,2,1,0.19283360010012984,True,
threshold,0.1,439.61983576722287,1.0,True,,2203,cold,timeout,True,522412.0,60.00285629997961,8105,7703,941,2,1,0.17247159988619387,True,
threshold,0.1,439.61983576722287,1.0,True,,2204,cold,timeout,True,521983.0,60.00907929986715,8052,7650,861,2,1,0.18701769993640482,True,
threshold,0.1,439.61983576722287,1.0,True,,2205,cold,timeout,True,522035.0,60.004838100168854,8049,7647,850,2,1,0.18310260004363954,True,
threshold,0.1,439.61983576722287,1.0,True,,2206,cold,timeout,True,522129.5,60.00720759993419,7978,7576,955,2,1,0.1944814999587834,True,
threshold,0.1,439.61983576722287,1.0,True,,2207,cold,timeout,True,522033.0,60.004828199977055,7974,7572,1001,2,1,0.1741555999033153,True,
threshold,0.1,439.61983576722287,1.0,True,,2208,cold,timeout,True,522466.0,60.00035799993202,8033,7631,850,2,1,0.18501389981247485,True,
threshold,0.1,439.61983576722287,1.0,True,,2209,cold,timeout,True,517403.0,60.005368100013584,8109,7707,826,2,1,0.1693783001974225,True,
threshold,0.1,439.61983576722287,1.0,True,,2210,cold,timeout,True,522453.5,60.00088800000958,8058,7656,970,2,1,0.17907589999958873,True,
threshold,0.1,439.61983576722287,1.0,True,,2211,cold,timeout,True,522466.0,60.00463270000182,8009,7607,912,2,1,0.1983437999151647,True,
threshold,0.1,439.61983576722287,1.0,True,,2212,cold,timeout,True,519799.0,60.005267299944535,8105,7703,883,2,1,0.17497200006619096,True,
threshold,0.1,439.61983576722287,1.0,True,,2213,cold,timeout,True,522039.5,60.004212100058794,8012,7610,750,2,1,0.17019869992509484,True,
threshold,0.1,439.61983576722287,1.0,True,,2214,cold,timeout,True,522715.5,60.005001599900424,7980,7578,866,2,1,0.17815659986808896,True,
threshold,0.1,439.61983576722287,1.0,True,,2215,cold,timeout,True,519644.0,60.00355439982377,7930,7528,820,2,1,0.20211549988016486,True,
threshold,0.1,439.61983576722287,1.0,True,,2216,cold,timeout,True,522526.0,60.00515179987997,7954,7552,840,2,1,0.1895051000174135,True,
threshold,0.1,439.61983576722287,1.0,True,,2217,cold,timeout,True,521258.5,60.00216840021312,7937,7535,867,2,1,0.17236940003931522,True,
threshold,0.1,439.61983576722287,1.0,True,,2218,cold,timeout,True,519692.5,60.00014150002971,8019,7617,846,2,1,0.20760600012727082,True,
threshold,0.1,439.61983576722287,1.0,True,,2219,cold,timeout,True,521983.0,60.00026790006086,7863,7461,782,2,1,0.19652509992010891,True,
threshold,0.1,439.61983576722287,1.0,True,,2220,cold,timeout,True,514028.0,60.00561200012453,8123,7721,705,2,1,0.20055670011788607,True,
threshold,0.095,438.6195618072682,1.0,True,,2201,cold,timeout,True,524409.5,60.001522300066426,8055,7653,750,2,1,0.16927920002490282,True,
threshold,0.095,438.6195618072682,1.0,True,,2202,cold,timeout,True,524687.5,60.0016882000491,8193,7791,776,2,1,0.18936230009421706,True,
threshold,0.095,438.6195618072682,1.0,True,,2203,cold,timeout,True,525567.0,60.00301839993335,8075,7673,931,2,1,0.2106453999876976,True,
threshold,0.095,438.6195618072682,1.0,True,,2204,cold,timeout,True,524179.5,60.00255710002966,8138,7736,790,2,1,0.19657799997366965,True,
threshold,0.095,438.6195618072682,1.0,True,,2205,cold,timeout,True,524907.0,60.004767699865624,7946,7544,856,2,1,0.22066130000166595,True,
threshold,0.095,438.6195618072682,1.0,True,,2206,cold,timeout,True,524810.0,60.00277679995634,8018,7616,832,2,1,0.17825730005279183,True,
threshold,0.095,438.6195618072682,1.0,True,,2207,cold,timeout,True,512846.5,60.00327010010369,8120,7718,764,2,1,0.17553200013935566,True,
threshold,0.095,438.6195618072682,1.0,True,,2208,cold,timeout,True,520680.0,60.00532729993574,8070,7668,683,2,1,0.22004519985057414,True,
threshold,0.095,438.6195618072682,1.0,True,,2209,cold,timeout,True,516393.0,60.00283630006015,7714,7312,687,2,1,0.188103900058195,True,
threshold,0.095,438.6195618072682,1.0,True,,2210,cold,timeout,True,525706.5,60.001009800005704,7709,7307,802,2,1,0.18080270010977983,True,
threshold,0.095,438.6195618072682,1.0,True,,2211,cold,timeout,True,525315.0,60.00213099992834,7701,7299,610,2,1,0.18055489985272288,True,
threshold,0.095,438.6195618072682,1.0,True,,2212,cold,timeout,True,523327.0,60.00368360010907,7818,7416,714,2,1,0.18669479992240667,True,
threshold,0.095,438.6195618072682,1.0,True,,2213,cold,timeout,True,525733.0,60.00648009986617,8032,7630,947,2,1,0.20495839999057353,True,
threshold,0.095,438.6195618072682,1.0,True,,2214,cold,timeout,True,525690.0,60.00494539993815,8134,7732,772,2,1,0.20131759997457266,True,
threshold,0.095,438.6195618072682,1.0,True,,2215,cold,timeout,True,525297.0,60.004195200046524,8027,7625,863,2,1,0.18990790005773306,True,
threshold,0.095,438.6195618072682,1.0,True,,2216,cold,timeout,True,525796.0,60.00252450001426,8009,7607,978,2,1,0.21580259990878403,True,
threshold,0.095,438.6195618072682,1.0,True,,2217,cold,timeout,True,515898.0,60.002989099826664,8029,7627,822,2,1,0.1787113999016583,True,
threshold,0.095,438.6195618072682,1.0,True,,2218,cold,timeout,True,524966.5,60.000438699964434,8077,7675,765,2,1,0.18696189997717738,True,
threshold,0.095,438.6195618072682,1.0,True,,2219,cold,timeout,True,523610.0,60.00518380012363,8072,7670,944,2,1,0.19467930006794631,True,
threshold,0.095,438.6195618072682,1.0,True,,2220,cold,timeout,True,525398.5,60.005071699852124,8085,7683,838,2,1,0.173279499867931,True,
threshold,0.09,437.61700149788516,1.0,True,,2201,cold,timeout,True,522091.0,60.00121430004947,8025,7623,939,2,1,0.18231089995242655,True,
threshold,0.09,437.61700149788516,1.0,True,,2202,cold,timeout,True,522213.0,60.00688449991867,8076,7674,907,2,1,0.19291849993169308,True,
threshold,0.09,437.61700149788516,1.0,True,,2203,cold,timeout,True,522145.0,60.00242380006239,8058,7656,1001,2,1,0.17712479992769659,True,
threshold,0.09,437.61700149788516,1.0,True,,2204,cold,timeout,True,518866.5,60.0022683001589,8118,7716,669,2,1,0.17735580005683005,True,
threshold,0.09,437.61700149788516,1.0,True,,2205,cold,timeout,True,522234.0,60.00820340006612,8068,7666,777,2,1,0.18296679994091392,True,
threshold,0.09,437.61700149788516,1.0,True,,2206,cold,timeout,True,521997.5,60.004527600016445,8059,7657,834,2,1,0.20916840014979243,True,
threshold,0.09,437.61700149788516,1.0,True,,2207,cold,timeout,True,520488.5,60.006680000107735,8169,7767,889,2,1,0.20776460017077625,True,
threshold,0.09,437.61700149788516,1.0,True,,2208,cold,timeout,True,516789.5,60.00009280000813,8162,7760,775,2,1,0.16559659992344677,True,
threshold,0.09,437.61700149788516,1.0,True,,2209,cold,timeout,True,516598.5,60.00124799995683,8074,7672,699,2,1,0.20725690014660358,True,
threshold,0.09,437.61700149788516,1.0,True,,2210,cold,timeout,True,522626.0,60.00278039998375,8034,7632,1116,2,1,0.19917649985291064,True,
threshold,0.09,437.61700149788516,1.0,True,,2211,cold,timeout,True,522561.5,60.00472640013322,7989,7587,946,2,1,0.22971460013650358,True,
threshold,0.09,437.61700149788516,1.0,True,,2212,cold,timeout,True,520667.5,60.00540479994379,8114,7712,684,2,1,0.21028909995220602,True,
threshold,0.09,437.61700149788516,1.0,True,,2213,cold,timeout,True,520644.5,60.002778499852866,7842,7440,950,2,1,0.1838253999594599,True,
threshold,0.09,437.61700149788516,1.0,True,,2214,cold,timeout,True,521030.5,60.001913900021464,7934,7532,895,2,1,0.16749950009398162,True,
threshold,0.09,437.61700149788516,1.0,True,,2215,cold,timeout,True,522632.0,60.005635200068355,7892,7490,789,2,1,0.21264880010858178,True,
threshold,0.09,437.61700149788516,1.0,True,,2216,cold,timeout,True,509735.0,60.004945300053805,7922,7520,741,2,1,0.21671249996870756,True,
threshold,0.09,437.61700149788516,1.0,True,,2217,cold,timeout,True,518981.0,60.003428699914366,8000,7598,708,2,1,0.26150419982150197,True,
threshold,0.09,437.61700149788516,1.0,True,,2218,cold,timeout,True,520861.5,60.0000467998907,8016,7614,738,2,1,0.24831550009548664,True,
threshold,0.09,437.61700149788516,1.0,True,,2219,cold,timeout,True,519749.0,60.00205360003747,7819,7417,907,2,1,0.2605614000931382,True,
threshold,0.09,437.61700149788516,1.0,True,,2220,cold,timeout,True,519694.0,60.00390930008143,7902,7500,852,2,1,0.27442590007558465,True,
threshold,0.085,436.61213908914624,1.0,True,,2201,cold,timeout,True,517150.0,60.003537100041285,8120,7718,785,2,1,0.18253910006023943,True,
threshold,0.085,436.61213908914624,1.0,True,,2202,cold,timeout,True,518302.0,60.00435020006262,8126,7724,741,2,1,0.18703199992887676,True,
threshold,0.085,436.61213908914624,1.0,True,,2203,cold,timeout,True,522328.0,60.00127110001631,8041,7639,893,2,1,0.18003479996696115,True,
threshold,0.085,436.61213908914624,1.0,True,,2204,cold,timeout,True,521898.0,60.00721750012599,8087,7685,918,2,1,0.18235010001808405,True,
threshold,0.085,436.61213908914624,1.0,True,,2205,cold,timeout,True,522041.0,60.00344550004229,7949,7547,779,2,1,0.21028160001151264,True,
threshold,0.085,436.61213908914624,1.0,True,,2206,cold,timeout,True,521918.0,60.00603280006908,7998,7596,862,2,1,0.28323710011318326,True,
threshold,0.085,436.61213908914624,1.0,True,,2207,cold,timeout,True,511325.5,60.00586110004224,8156,7754,725,2,1,0.23128369986079633,True,
threshold,0.085,436.61213908914624,1.0,True,,2208,cold,timeout,True,522348.5,60.001896400004625,7889,7487,865,2,1,0.2816393000539392,True,
threshold,0.085,436.61213908914624,1.0,True,,2209,cold,timeout,True,520542.0,60.002977499971166,8053,7651,777,2,1,0.17364739999175072,True,
threshold,0.085,436.61213908914624,1.0,True,,2210,cold,timeout,True,522466.0,60.00086160004139,7892,7490,1021,2,1,0.2266234999988228,True,
threshold,0.085,436.61213908914624,1.0,True,,2211,cold,timeout,True,522354.0,60.00560369994491,7914,7512,837,2,1,0.30367729999125004,True,
threshold,0.085,436.61213908914624,1.0,True,,2212,cold,timeout,True,520915.0,60.00413820007816,8047,7645,678,2,1,0.30727069987915456,True,
threshold,0.085,436.61213908914624,1.0,True,,2213,cold,timeout,True,521940.0,60.008523599943146,7946,7544,852,2,1,0.18821649998426437,True,
threshold,0.085,436.61213908914624,1.0,True,,2214,cold,timeout,True,520742.0,60.0039733001031,7989,7587,624,2,1,0.26414360012859106,True,
threshold,0.085,436.61213908914624,1.0,True,,2215,cold,timeout,True,520185.5,60.0111845000647,7984,7582,833,2,1,0.18013840005733073,True,
threshold,0.085,436.61213908914624,1.0,True,,2216,cold,timeout,True,522407.5,60.00451150001027,7894,7492,870,2,1,0.2135058999992907,True,
threshold,0.085,436.61213908914624,1.0,True,,2217,cold,timeout,True,522361.5,60.006982599850744,7959,7557,738,2,1,0.2665506999474019,True,
threshold,0.085,436.61213908914624,1.0,True,,2218,cold,timeout,True,520190.0,60.00022649997845,7975,7573,667,2,1,0.2464314999524504,True,
threshold,0.085,436.61213908914624,1.0,True,,2219,cold,timeout,True,521376.0,60.00043419981375,8089,7687,705,2,1,0.22617339994758368,True,
threshold,0.085,436.61213908914624,1.0,True,,2220,cold,timeout,True,521951.5,60.00394900003448,7910,7508,912,2,1,0.26868010009638965,True,
threshold,0.08,435.6049586494626,1.0,True,,2201,cold,timeout,True,522381.0,60.00411650002934,8082,7680,992,2,1,0.1837554001249373,True,
threshold,0.08,435.6049586494626,1.0,True,,2202,cold,timeout,True,515558.5,60.0076397000812,8184,7782,672,2,1,0.18681890005245805,True,
threshold,0.08,435.6049586494626,1.0,True,,2203,cold,timeout,True,521120.0,60.002256999956444,8135,7733,886,2,1,0.19822850008495152,True,
threshold,0.08,435.6049586494626,1.0,True,,2204,cold,timeout,True,522394.0,60.00433570006862,8154,7752,653,2,1,0.178050700109452,True,
threshold,0.08,435.6049586494626,1.0,True,,2205,cold,timeout,True,522472.5,60.007063099881634,8095,7693,925,2,1,0.23309309990145266,True,
threshold,0.08,435.6049586494626,1.0,True,,2206,cold,timeout,True,522332.0,60.00535549991764,8145,7743,857,2,1,0.2228504999075085,True,
threshold,0.08,435.6049586494626,1.0,True,,2207,cold,timeout,True,521357.5,60.00293089984916,8205,7803,676,2,1,0.1999909000005573,True,
threshold,0.08,435.6049586494626,1.0,True,,2208,cold,timeout,True,514508.0,60.0030284000095,8146,7744,638,2,1,0.23462080000899732,True,
threshold,0.08,435.6049586494626,1.0,True,,2209,cold,timeout,True,520634.0,60.00333440001123,8067,7665,755,2,1,0.17270110012032092,True,
threshold,0.08,435.6049586494626,1.0,True,,2210,cold,timeout,True,523168.0,60.00126040005125,7973,7571,931,2,1,0.18556370004080236,True,
threshold,0.08,435.6049586494626,1.0,True,,2211,cold,timeout,True,522793.0,60.00050550000742,8047,7645,740,2,1,0.21339559997431934,True,
threshold,0.08,435.6049586494626,1.0,True,,2212,cold,timeout,True,522100.5,60.00497810007073,8134,7732,710,2,1,0.18640549993142486,True,
threshold,0.08,435.6049586494626,1.0,True,,2213,cold,timeout,True,522838.0,60.000542500056326,8009,7607,796,2,1,0.16984780016355217,True,
threshold,0.08,435.6049586494626,1.0,True,,2214,cold,timeout,True,522765.0,60.00294849998318,8052,7650,697,2,1,0.18531320011243224,True,
threshold,0.08,435.6049586494626,1.0,True,,2215,cold,timeout,True,520498.5,60.000196899985895,7965,7563,643,2,1,0.17741280002519488,True,
threshold,0.08,435.6049586494626,1.0,True,,2216,cold,timeout,True,522964.0,60.00447460007854,8002,7600,824,2,1,0.19519770005717874,True,
threshold,0.08,435.6049586494626,1.0,True,,2217,cold,timeout,True,511235.5,60.000846500042826,7981,7579,660,2,1,0.21474029985256493,True,
threshold,0.08,435.6049586494626,1.0,True,,2218,cold,timeout,True,521313.0,60.00086440006271,7976,7574,713,2,1,0.21351340017281473,True,
threshold,0.08,435.6049586494626,1.0,True,,2219,cold,timeout,True,521011.0,60.005560900084674,7921,7519,775,2,1,0.20624460000544786,True,
threshold,0.08,435.6049586494626,1.0,True,,2220,cold,timeout,True,522472.5,60.004642699845135,7891,7489,781,2,1,0.21316999988630414,True,
threshold,0.075,434.59544406263626,1.0,True,,2201,cold,timeout,True,518710.0,60.005581400124356,8182,7780,676,2,1,0.2663173000328243,True,
threshold,0.075,434.59544406263626,1.0,True,,2202,cold,timeout,True,522124.0,60.00691860006191,8092,7690,794,2,1,0.24769370001740754,True,
threshold,0.075,434.59544406263626,1.0,True,,2203,cold,timeout,True,519106.0,60.003561299992725,7994,7592,855,2,1,0.21420620009303093,True,
threshold,0.075,434.59544406263626,1.0,True,,2204,cold,timeout,True,518282.5,60.00497480016202,8137,7735,679,2,1,0.2663948000408709,True,
threshold,0.075,434.59544406263626,1.0,True,,2205,cold,timeout,True,522318.0,60.00150559982285,8075,7673,837,2,1,0.2088494999334216,True,
threshold,0.075,434.59544406263626,1.0,True,,2206,cold,timeout,True,522038.5,60.00208629993722,8025,7623,939,2,1,0.19757099985145032,True,
threshold,0.075,434.59544406263626,1.0,True,,2207,cold,timeout,True,522124.0,60.00371149997227,8217,7815,876,2,1,0.1777395000681281,True,
threshold,0.075,434.59544406263626,1.0,True,,2208,cold,timeout,True,520091.0,60.01011469983496,7956,7554,810,2,1,0.17813939996995032,True,
threshold,0.075,434.59544406263626,1.0,True,,2209,cold,timeout,True,520361.5,60.0050395000726,7977,7575,726,2,1,0.2051457001361996,True,
threshold,0.075,434.59544406263626,1.0,True,,2210,cold,timeout,True,522606.0,60.00571110006422,7908,7506,1025,2,1,0.18870429997332394,True,
threshold,0.075,434.59544406263626,1.0,True,,2211,cold,timeout,True,522552.5,60.00133310002275,7947,7545,869,2,1,0.1767466999590397,True,
threshold,0.075,434.59544406263626,1.0,True,,2212,cold,timeout,True,522589.5,60.000951200025156,7981,7579,797,2,1,0.21370960003696382,True,
threshold,0.075,434.59544406263626,1.0,True,,2213,cold,timeout,True,521146.0,60.002228300087154,8061,7659,803,2,1,0.227432900108397,True,
threshold,0.075,434.59544406263626,1.0,True,,2214,cold,timeout,True,521349.5,60.0072137999814,8062,7660,772,2,1,0.19401069986633956,True,
threshold,0.075,434.59544406263626,1.0,True,,2215,cold,timeout,True,517716.0,60.00159869994968,8037,7635,878,2,1,0.2630862998776138,True,
threshold,0.075,434.59544406263626,1.0,True,,2216,cold,timeout,True,522869.5,60.001756499987096,8028,7626,885,2,1,0.25452230009250343,True,
threshold,0.075,434.59544406263626,1.0,True,,2217,cold,timeout,True,514767.5,60.00661240005866,8092,7690,687,2,1,0.24432840012013912,True,
threshold,0.075,434.59544406263626,1.0,True,,2218,cold,timeout,True,523250.0,60.00888820015825,7962,7560,782,2,1,0.2150855001527816,True,
threshold,0.075,434.59544406263626,1.0,True,,2219,cold,timeout,True,519564.0,60.00268870010041,8053,7651,734,2,1,0.16980390017852187,True,
threshold,0.075,434.59544406263626,1.0,True,,2220,cold,timeout,True,522161.5,60.00017930008471,7856,7454,926,2,1,0.16327590006403625,True,
threshold,0.07,433.58357902485193,0.0,False,,2201,cold,no_feasible,False,600960.0,60.00793550000526,8050,7648,2429,2,,,True,
threshold,0.07,433.58357902485193,0.0,False,,2202,cold,no_feasible,False,589327.5,60.019085499923676,8035,7633,2219,2,,,True,
threshold,0.07,433.58357902485193,0.0,False,,2203,cold,no_feasible,False,592751.0,60.00344160012901,7882,7480,2094,2,,,True,
threshold,0.07,433.58357902485193,0.0,False,,2204,cold,no_feasible,False,593899.0,60.01760430005379,7947,7545,2333,2,,,True,
threshold,0.07,433.58357902485193,0.0,False,,2205,cold,no_feasible,False,602576.5,60.003563300007954,7881,7479,1941,2,,,True,
threshold,0.07,433.58357902485193,0.0,False,,2206,cold,no_feasible,False,589681.5,60.003527300199494,7897,7495,2221,2,,,True,
threshold,0.07,433.58357902485193,0.0,False,,2207,cold,no_feasible,False,589863.0,60.00357000017539,7843,7441,2063,2,,,True,
threshold,0.07,433.58357902485193,0.0,False,,2208,cold,no_feasible,False,602233.5,60.001391700003296,7792,7390,1946,2,,,True,
threshold,0.07,433.58357902485193,0.0,False,,2209,cold,no_feasible,False,588092.0,60.008074299898,7757,7355,1963,2,,,True,
threshold,0.07,433.58357902485193,0.0,False,,2210,cold,no_feasible,False,594051.5,60.0016648999881,7751,7349,2166,2,,,True,
threshold,0.07,433.58357902485193,0.0,False,,2211,cold,no_feasible,False,614761.0,60.00168210011907,7863,7461,2441,2,,,True,
threshold,0.07,433.58357902485193,0.0,False,,2212,cold,no_feasible,False,623301.5,60.001477599842474,7735,7333,2217,2,,,True,
threshold,0.07,433.58357902485193,0.0,False,,2213,cold,no_feasible,False,617247.0,60.00404329993762,7747,7345,2141,2,,,True,
threshold,0.07,433.58357902485193,0.0,False,,2214,cold,no_feasible,False,611836.5,60.00143910013139,7697,7299,1980,2,,,True,
threshold,0.07,433.58357902485193,0.0,False,,2215,cold,no_feasible,False,591465.5,60.00457419990562,7548,7299,2017,2,,,True,
threshold,0.07,433.58357902485193,0.0,False,,2216,cold,no_feasible,False,604850.0,60.00450299982913,7514,7299,1865,2,,,True,
threshold,0.07,433.58357902485193,0.0,False,,2217,cold,no_feasible,False,574871.0,60.00510099995881,7789,7387,2179,2,,,True,
threshold,0.07,433.58357902485193,0.0,False,,2218,cold,no_feasible,False,594573.0,60.00357290008105,7705,7303,2089,2,,,True,
threshold,0.07,433.58357902485193,0.0,False,,2219,cold,no_feasible,False,596412.5,60.00192720000632,7840,7438,1948,2,,,True,
threshold,0.07,433.58357902485193,0.0,False,,2220,cold,no_feasible,False,611003.0,60.00471680006012,7746,7344,2162,2,,,True,
threshold,0.065,432.56934704160443,0.0,False,,2201,cold,no_feasible,False,603868.5,60.00626770011149,7919,7517,2281,2,,,True,
threshold,0.065,432.56934704160443,0.0,False,,2202,cold,no_feasible,False,598124.5,60.001723299967125,7906,7504,2157,2,,,True,
threshold,0.065,432.56934704160443,0.0,False,,2203,cold,no_feasible,False,593193.5,60.004235399886966,7760,7358,2175,2,,,True,
threshold,0.065,432.56934704160443,0.0,False,,2204,cold,no_feasible,False,589246.5,60.002193100051954,7865,7463,2177,2,,,True,
threshold,0.065,432.56934704160443,0.0,False,,2205,cold,no_feasible,False,588565.5,60.005274600116536,7830,7428,1892,2,,,True,
threshold,0.065,432.56934704160443,0.0,False,,2206,cold,no_feasible,False,589824.5,60.00045729987323,7715,7313,2059,2,,,True,
threshold,0.065,432.56934704160443,0.0,False,,2207,cold,no_feasible,False,587875.5,60.00359800015576,7741,7339,2137,2,,,True,
threshold,0.065,432.56934704160443,0.0,False,,2208,cold,no_feasible,False,602902.5,60.005266699939966,7688,7299,2056,2,,,True,
threshold,0.065,432.56934704160443,0.0,False,,2209,cold,no_feasible,False,587814.5,60.00297830021009,7841,7439,2070,2,,,True,
threshold,0.065,432.56934704160443,0.0,False,,2210,cold,no_feasible,False,605386.5,60.00371870002709,7868,7466,2100,2,,,True,
threshold,0.065,432.56934704160443,0.0,False,,2211,cold,no_feasible,False,595881.0,60.001261699944735,7970,7568,2303,2,,,True,
threshold,0.065,432.56934704160443,0.0,False,,2212,cold,no_feasible,False,602178.5,60.00221130019054,7854,7452,2170,2,,,True,
threshold,0.065,432.56934704160443,0.0,False,,2213,cold,no_feasible,False,615452.0,60.00411400012672,7736,7334,2028,2,,,True,
threshold,0.065,432.56934704160443,0.0,False,,2214,cold,no_feasible,False,600237.5,60.004340099869296,7526,7299,1872,2,,,True,
threshold,0.065,432.56934704160443,0.0,False,,2215,cold,no_feasible,False,591942.5,60.00038879993372,7648,7299,2065,2,,,True,
threshold,0.065,432.56934704160443,0.0,False,,2216,cold,no_feasible,False,608006.5,60.00603029993363,7493,7292,1877,1,,,True,
threshold,0.065,432.56934704160443,0.0,False,,2217,cold,no_feasible,False,603595.5,60.01193849998526,7734,7332,2201,2,,,True,
threshold,0.065,432.56934704160443,0.0,False,,2218,cold,no_feasible,False,588009.0,60.000904500018805,7700,7299,2087,2,,,True,
threshold,0.065,432.56934704160443,0.0,False,,2219,cold,no_feasible,False,602076.5,60.00378410005942,7858,7456,1835,2,,,True,
threshold,0.065,432.56934704160443,0.0,False,,2220,cold,no_feasible,False,575896.5,60.00520069990307,7717,7315,1953,2,,,True,
threshold,0.06,431.55273142456184,0.0,False,,2201,cold,no_feasible,False,596453.5,60.00254050013609,7816,7414,2227,2,,,True,
threshold,0.06,431.55273142456184,0.0,False,,2202,cold,no_feasible,False,576435.0,60.00259859999642,7829,7427,2079,2,,,True,
threshold,0.06,431.55273142456184,0.0,False,,2203,cold,no_feasible,False,592903.5,60.006656599929556,7833,7431,1989,2,,,True,
threshold,0.06,431.55273142456184,0.0,False,,2204,cold,no_feasible,False,594884.0,60.00378979998641,7864,7462,2125,2,,,True,
threshold,0.06,431.55273142456184,0.0,False,,2205,cold,no_feasible,False,585600.5,60.00582530000247,7874,7472,1949,2,,,True,
threshold,0.06,431.55273142456184,0.0,False,,2206,cold,no_feasible,False,605647.5,60.00018520001322,7803,7401,2067,2,,,True,
threshold,0.06,431.55273142456184,0.0,False,,2207,cold,no_feasible,False,593378.0,60.003075500018895,7880,7478,2134,2,,,True,
threshold,0.06,431.55273142456184,0.0,False,,2208,cold,no_feasible,False,592222.0,60.00042759999633,7806,7404,2167,2,,,True,
threshold,0.06,431.55273142456184,0.0,False,,2209,cold,no_feasible,False,584060.0,60.01205380004831,7761,7359,1972,2,,,True,
threshold,0.06,431.55273142456184,0.0,False,,2210,cold,no_feasible,False,603330.0,60.00835149991326,7753,7351,1864,2,,,True,
threshold,0.06,431.55273142456184,0.0,False,,2211,cold,no_feasible,False,592091.5,60.00262159993872,7870,7468,2245,2,,,True,
threshold,0.06,431.55273142456184,0.0,False,,2212,cold,no_feasible,False,610914.5,60.00214029988274,7796,7394,2188,2,,,True,
threshold,0.06,431.55273142456184,0.0,False,,2213,cold,no_feasible,False,586154.0,60.00001469999552,7772,7370,2295,2,,,True,
threshold,0.06,431.55273142456184,0.0,False,,2214,cold,no_feasible,False,606664.5,60.00642240000889,7618,7299,1960,2,,,True,
threshold,0.06,431.55273142456184,0.0,False,,2215,cold,no_feasible,False,592563.0,60.00175499985926,7673,7299,2023,2,,,True,
threshold,0.06,431.55273142456184,0.0,False,,2216,cold,no_feasible,False,613105.0,60.003931700019166,7691,7299,2061,2,,,True,
threshold,0.06,431.55273142456184,0.0,False,,2217,cold,no_feasible,False,607310.5,60.000299900071695,7809,7407,2354,2,,,True,
threshold,0.06,431.55273142456184,0.0,False,,2218,cold,no_feasible,False,604033.0,60.00606929999776,7729,7327,1964,2,,,True,
threshold,0.06,431.55273142456184,0.0,False,,2219,cold,no_feasible,False,598296.5,60.002120699966326,7916,7514,1865,2,,,True,
threshold,0.06,431.55273142456184,0.0,False,,2220,cold,no_feasible,False,588968.5,60.00526549993083,7916,7514,2191,2,,,True,
threshold,0.055,430.5337152883616,0.0,False,,2201,cold,no_feasible,False,600190.0,60.005763799883425,7960,7558,2253,2,,,True,
threshold,0.055,430.5337152883616,0.0,False,,2202,cold,no_feasible,False,588811.5,60.002421600045636,7860,7458,2081,2,,,True,
threshold,0.055,430.5337152883616,0.0,False,,2203,cold,no_feasible,False,607607.0,60.00007600011304,7743,7341,1967,2,,,True,
threshold,0.055,430.5337152883616,0.0,False,,2204,cold,no_feasible,False,604467.5,60.002901499858126,7968,7566,2208,2,,,True,
threshold,0.055,430.5337152883616,0.0,False,,2205,cold,no_feasible,False,595202.0,60.000135000096634,7729,7327,1905,2,,,True,
threshold,0.055,430.5337152883616,0.0,False,,2206,cold,no_feasible,False,604330.0,60.00736299995333,7612,7299,1860,2,,,True,
threshold,0.055,430.5337152883616,0.0,False,,2207,cold,no_feasible,False,576478.0,60.00261099985801,7797,7395,2140,2,,,True,
threshold,0.055,430.5337152883616,0.0,False,,2208,cold,no_feasible,False,597908.5,60.00397349987179,7686,7299,2010,2,,,True,
threshold,0.055,430.5337152883616,0.0,False,,2209,cold,no_feasible,False,592787.0,60.00979300006293,7589,7299,1979,2,,,True,
threshold,0.055,430.5337152883616,0.0,False,,2210,cold,no_feasible,False,593240.5,60.005555199924856,7663,7299,1906,2,,,True,
threshold,0.055,430.5337152883616,0.0,False,,2211,cold,no_feasible,False,596360.0,60.00158250005916,7747,7345,2306,2,,,True,
threshold,0.055,430.5337152883616,0.0,False,,2212,cold,no_feasible,False,604779.0,60.00633760006167,7690,7299,2086,2,,,True,
threshold,0.055,430.5337152883616,0.0,False,,2213,cold,no_feasible,False,575174.5,60.00659739994444,7788,7386,2204,2,,,True,
threshold,0.055,430.5337152883616,0.0,False,,2214,cold,no_feasible,False,610689.5,60.002819100162014,7683,7299,1910,2,,,True,
threshold,0.055,430.5337152883616,0.0,False,,2215,cold,no_feasible,False,590717.5,60.00384739995934,7597,7299,1993,2,,,True,
threshold,0.055,430.5337152883616,0.0,False,,2216,cold,no_feasible,False,590143.0,60.00622340012342,7699,7299,1895,2,,,True,
threshold,0.055,430.5337152883616,0.0,False,,2217,cold,no_feasible,False,606427.5,60.00641359994188,7604,7299,2304,2,,,True,
threshold,0.055,430.5337152883616,0.0,False,,2218,cold,no_feasible,False,591510.0,60.00480979983695,7506,7299,1934,2,,,True,
threshold,0.055,430.5337152883616,0.0,False,,2219,cold,no_feasible,False,586953.5,60.003193400101736,7697,7299,1769,2,,,True,
threshold,0.055,430.5337152883616,0.0,False,,2220,cold,no_feasible,False,585356.5,60.00309450016357,7714,7312,2036,2,,,True,
threshold,0.05,429.5122815473383,0.0,False,,2201,cold,no_feasible,False,595217.0,60.00440279999748,7874,7472,2311,2,,,True,
threshold,0.05,429.5122815473383,0.0,False,,2202,cold,no_feasible,False,599230.0,60.00485030002892,7811,7409,2119,2,,,True,
threshold,0.05,429.5122815473383,0.0,False,,2203,cold,no_feasible,False,589813.0,60.00624660006724,7726,7324,1878,2,,,True,
threshold,0.05,429.5122815473383,0.0,False,,2204,cold,no_feasible,False,575012.5,60.00615999987349,7764,7362,2147,2,,,True,
threshold,0.05,429.5122815473383,0.0,False,,2205,cold,no_feasible,False,599374.0,60.000873800134286,7627,7299,1987,2,,,True,
threshold,0.05,429.5122815473383,0.0,False,,2206,cold,no_feasible,False,592486.0,60.004607500042766,7654,7299,2045,2,,,True,
threshold,0.05,429.5122815473383,0.0,False,,2207,cold,no_feasible,False,609210.5,60.00603049993515,7784,7382,2081,2,,,True,
threshold,0.05,429.5122815473383,0.0,False,,2208,cold,no_feasible,False,610317.5,60.01113320002332,7643,7299,1944,2,,,True,
threshold,0.05,429.5122815473383,0.0,False,,2209,cold,no_feasible,False,602307.0,60.0008296999149,7774,7372,2037,2,,,True,
threshold,0.05,429.5122815473383,0.0,False,,2210,cold,no_feasible,False,593998.0,60.00629290007055,7718,7316,1994,2,,,True,
threshold,0.05,429.5122815473383,0.0,False,,2211,cold,no_feasible,False,599174.0,60.001426599919796,7782,7380,2285,2,,,True,
threshold,0.05,429.5122815473383,0.0,False,,2212,cold,no_feasible,False,595487.5,60.001301400130615,7670,7299,2146,2,,,True,
threshold,0.05,429.5122815473383,0.0,False,,2213,cold,no_feasible,False,604399.0,60.003809000132605,7620,7299,2053,2,,,True,
threshold,0.05,429.5122815473383,0.0,False,,2214,cold,no_feasible,False,581491.5,60.01066770008765,7611,7299,1972,2,,,True,
threshold,0.05,429.5122815473383,0.0,False,,2215,cold,no_feasible,False,602959.5,60.00061860005371,7575,7299,1928,2,,,True,
threshold,0.05,429.5122815473383,0.0,False,,2216,cold,no_feasible,False,606445.0,60.000376699958,7654,7299,1998,2,,,True,
threshold,0.05,429.5122815473383,0.0,False,,2217,cold,no_feasible,False,590205.5,60.002162400167435,7794,7392,2224,2,,,True,
threshold,0.05,429.5122815473383,0.0,False,,2218,cold,no_feasible,False,595584.5,60.00206029997207,7571,7299,1962,2,,,True,
threshold,0.05,429.5122815473383,0.0,False,,2219,cold,no_feasible,False,591777.5,60.00162569992244,7769,7367,1823,2,,,True,
threshold,0.05,429.5122815473383,0.0,False,,2220,cold,no_feasible,False,599863.0,60.002271899953485,7639,7299,2002,2,,,True,
threshold,0.045,428.4884129121813,0.0,False,,2201,cold,no_feasible,False,594258.0,60.0036011999473,7859,7457,2219,2,,,True,
threshold,0.045,428.4884129121813,0.0,False,,2202,cold,no_feasible,False,573979.0,60.00027550011873,7667,7299,2123,2,,,True,
threshold,0.045,428.4884129121813,0.0,False,,2203,cold,no_feasible,False,615322.0,60.004320699954405,7707,7305,1985,2,,,True,
threshold,0.045,428.4884129121813,0.0,False,,2204,cold,no_feasible,False,602870.5,60.00025469996035,7727,7325,2143,2,,,True,
threshold,0.045,428.4884129121813,0.0,False,,2205,cold,no_feasible,False,594142.0,60.00641019991599,7674,7299,1925,2,,,True,
threshold,0.045,428.4884129121813,0.0,False,,2206,cold,no_feasible,False,595578.0,60.004020099993795,7702,7300,2016,2,,,True,
threshold,0.045,428.4884129121813,0.0,False,,2207,cold,no_feasible,False,588174.5,60.004436100134626,7734,7332,2004,2,,,True,
threshold,0.045,428.4884129121813,0.0,False,,2208,cold,no_feasible,False,582068.5,60.00099410000257,7639,7299,1839,2,,,True,
threshold,0.045,428.4884129121813,0.0,False,,2209,cold,no_feasible,False,598919.0,60.011728200130165,7774,7372,2148,2,,,True,
threshold,0.045,428.4884129121813,0.0,False,,2210,cold,no_feasible,False,595643.5,60.00822460022755,7783,7381,2161,2,,,True,
threshold,0.045,428.4884129121813,0.0,False,,2211,cold,no_feasible,False,599263.0,60.00216839998029,7834,7432,2271,2,,,True,
threshold,0.045,428.4884129121813,0.0,False,,2212,cold,no_feasible,False,611611.5,60.00078759994358,7659,7299,2032,2,,,True,
threshold,0.045,428.4884129121813,0.0,False,,2213,cold,no_feasible,False,586699.0,60.00567480013706,7640,7299,1989,2,,,True,
threshold,0.045,428.4884129121813,0.0,False,,2214,cold,no_feasible,False,596654.5,60.00587580003776,7570,7299,1767,2,,,True,
threshold,0.045,428.4884129121813,0.0,False,,2215,cold,no_feasible,False,610671.0,60.00241609988734,7593,7299,1936,2,,,True,
threshold,0.045,428.4884129121813,0.0,False,,2216,cold,no_feasible,False,615571.0,60.00442959996872,7719,7317,2118,2,,,True,
threshold,0.045,428.4884129121813,0.0,False,,2217,cold,no_feasible,False,608306.5,60.000602199928835,7569,7299,2076,2,,,True,
threshold,0.045,428.4884129121813,0.0,False,,2218,cold,no_feasible,False,594409.0,60.00272269989364,7450,7249,1927,1,,,True,
threshold,0.045,428.4884129121813,0.0,False,,2219,cold,no_feasible,False,591779.5,60.011202400084585,7609,7299,1706,2,,,True,
threshold,0.045,428.4884129121813,0.0,False,,2220,cold,no_feasible,False,600205.0,60.00027620000765,7617,7299,2044,2,,,True,
threshold,0.04,427.4620918865204,0.0,False,,2201,cold,no_feasible,False,595720.0,60.003189200069755,7920,7518,2216,2,,,True,
threshold,0.04,427.4620918865204,0.0,False,,2202,cold,no_feasible,False,597162.0,60.00153340003453,7761,7359,2106,2,,,True,
threshold,0.04,427.4620918865204,0.0,False,,2203,cold,no_feasible,False,600782.0,60.0028085000813,7762,7360,2092,2,,,True,
threshold,0.04,427.4620918865204,0.0,False,,2204,cold,no_feasible,False,595028.5,60.00257240002975,7773,7371,1969,2,,,True,
threshold,0.04,427.4620918865204,0.0,False,,2205,cold,no_feasible,False,596180.5,60.00137309986167,7834,7432,2065,2,,,True,
threshold,0.04,427.4620918865204,0.0,False,,2206,cold,no_feasible,False,603104.0,60.004951799986884,7785,7383,2074,2,,,True,
threshold,0.04,427.4620918865204,0.0,False,,2207,cold,no_feasible,False,598811.5,60.00370920007117,7837,7435,2127,2,,,True,
threshold,0.04,427.4620918865204,0.0,False,,2208,cold,no_feasible,False,583579.5,60.002294400008395,7646,7299,2088,2,,,True,
threshold,0.04,427.4620918865204,0.0,False,,2209,cold,no_feasible,False,588413.5,60.0027852000203,7704,7302,2212,2,,,True,
threshold,0.04,427.4620918865204,0.0,False,,2210,cold,no_feasible,False,600515.0,60.002826699987054,7739,7337,2086,2,,,True,
threshold,0.04,427.4620918865204,0.0,False,,2211,cold,no_feasible,False,598108.5,60.00492039998062,7807,7405,2360,2,,,True,
threshold,0.04,427.4620918865204,0.0,False,,2212,cold,no_feasible,False,584708.0,60.002417099894956,7712,7310,2047,2,,,True,
threshold,0.04,427.4620918865204,0.0,False,,2213,cold,no_feasible,False,597929.0,60.00109690008685,7757,7355,2215,2,,,True,
threshold,0.04,427.4620918865204,0.0,False,,2214,cold,no_feasible,False,587657.0,60.00645220000297,7667,7299,1915,2,,,True,
threshold,0.04,427.4620918865204,0.0,False,,2215,cold,no_feasible,False,589727.5,60.00002310005948,7649,7299,1851,2,,,True,
threshold,0.04,427.4620918865204,0.0,False,,2216,cold,no_feasible,False,613512.0,60.005293500144035,7656,7299,1963,2,,,True,
threshold,0.04,427.4620918865204,0.0,False,,2217,cold,no_feasible,False,585611.5,60.00317190005444,7755,7353,2210,2,,,True,
threshold,0.04,427.4620918865204,0.0,False,,2218,cold,no_feasible,False,595559.5,60.005196099868044,7585,7299,1923,2,,,True,
threshold,0.04,427.4620918865204,0.0,False,,2219,cold,no_feasible,False,605033.5,60.001824900042266,7805,7403,1798,2,,,True,
threshold,0.04,427.4620918865204,0.0,False,,2220,cold,no_feasible,False,592695.5,60.004286899929866,7847,7445,2207,2,,,True,
threshold,0.035,426.4333007634371,0.0,False,,2201,cold,no_feasible,False,598312.5,60.00233909999952,7878,7476,2109,2,,,True,
threshold,0.035,426.4333007634371,0.0,False,,2202,cold,no_feasible,False,579689.0,60.002654700074345,7885,7483,2145,2,,,True,
threshold,0.035,426.4333007634371,0.0,False,,2203,cold,no_feasible,False,601918.0,60.005850199842826,7749,7347,2016,2,,,True,
threshold,0.035,426.4333007634371,0.0,False,,2204,cold,no_feasible,False,617745.0,60.00358709995635,7851,7449,2219,2,,,True,
threshold,0.035,426.4333007634371,0.0,False,,2205,cold,no_feasible,False,598732.5,60.00138180004433,7773,7371,2043,2,,,True,
threshold,0.035,426.4333007634371,0.0,False,,2206,cold,no_feasible,False,592244.5,60.00584689993411,7821,7419,2276,2,,,True,
threshold,0.035,426.4333007634371,0.0,False,,2207,cold,no_feasible,False,604523.0,60.003250600071624,7866,7464,2272,2,,,True,
threshold,0.035,426.4333007634371,0.0,False,,2208,cold,no_feasible,False,614631.0,60.00404919986613,7683,7299,2006,2,,,True,
threshold,0.035,426.4333007634371,0.0,False,,2209,cold,no_feasible,False,595188.5,60.000251800054684,7714,7312,2104,2,,,True,
threshold,0.035,426.4333007634371,0.0,False,,2210,cold,no_feasible,False,592249.0,60.006747300038114,7802,7400,2093,2,,,True,
threshold,0.035,426.4333007634371,0.0,False,,2211,cold,no_feasible,False,600432.0,60.001364700030535,7902,7500,2324,2,,,True,
threshold,0.035,426.4333007634371,0.0,False,,2212,cold,no_feasible,False,577315.5,60.00103190005757,7752,7350,2148,2,,,True,
threshold,0.035,426.4333007634371,0.0,False,,2213,cold,no_feasible,False,597810.5,60.00786180002615,7753,7351,2184,2,,,True,
threshold,0.035,426.4333007634371,0.0,False,,2214,cold,no_feasible,False,593979.0,60.00433099991642,7755,7353,1870,2,,,True,
threshold,0.035,426.4333007634371,0.0,False,,2215,cold,no_feasible,False,595235.0,60.00516639999114,7682,7299,1877,2,,,True,
threshold,0.035,426.4333007634371,0.0,False,,2216,cold,no_feasible,False,618824.0,60.00041830004193,7629,7299,1904,2,,,True,
threshold,0.035,426.4333007634371,0.0,False,,2217,cold,no_feasible,False,603624.0,60.002200099872425,7697,7299,2053,2,,,True,
threshold,0.035,426.4333007634371,0.0,False,,2218,cold,no_feasible,False,590965.0,60.000504799885675,7602,7299,1902,2,,,True,
threshold,0.035,426.4333007634371,0.0,False,,2219,cold,no_feasible,False,587270.5,60.00608430011198,7889,7487,1990,2,,,True,
threshold,0.035,426.4333007634371,0.0,False,,2220,cold,no_feasible,False,593715.5,60.005252100061625,7797,7395,2078,2,,,True,
threshold,0.03,425.40202162190064,0.0,False,,2201,cold,no_feasible,False,597213.0,60.00199949997477,7976,7574,2207,2,,,True,
threshold,0.03,425.40202162190064,0.0,False,,2202,cold,no_feasible,False,595372.5,60.00014839996584,7725,7323,2150,2,,,True,
threshold,0.03,425.40202162190064,0.0,False,,2203,cold,no_feasible,False,577735.5,60.00227280007675,7796,7394,2067,2,,,True,
threshold,0.03,425.40202162190064,0.0,False,,2204,cold,no_feasible,False,595608.0,60.0071044000797,7866,7464,2274,2,,,True,
threshold,0.03,425.40202162190064,0.0,False,,2205,cold,no_feasible,False,591451.0,60.00287669990212,7679,7299,1879,2,,,True,
threshold,0.03,425.40202162190064,0.0,False,,2206,cold,no_feasible,False,585116.0,60.001399899832904,7731,7329,2188,2,,,True,
threshold,0.03,425.40202162190064,0.0,False,,2207,cold,no_feasible,False,585718.5,60.00733479997143,7698,7299,1931,2,,,True,
threshold,0.03,425.40202162190064,0.0,False,,2208,cold,no_feasible,False,588370.5,60.00417509977706,7664,7299,1953,2,,,True,
threshold,0.03,425.40202162190064,0.0,False,,2209,cold,no_feasible,False,611735.0,60.00416860007681,7517,7299,1982,2,,,True,
threshold,0.03,425.40202162190064,0.0,False,,2210,cold,no_feasible,False,582601.0,60.00072590005584,7653,7299,1970,2,,,True,
threshold,0.03,425.40202162190064,0.0,False,,2211,cold,no_feasible,False,589839.5,60.00957839982584,7890,7488,2158,2,,,True,
threshold,0.03,425.40202162190064,0.0,False,,2212,cold,no_feasible,False,596264.5,60.003431800054386,7683,7299,2197,2,,,True,
threshold,0.03,425.40202162190064,0.0,False,,2213,cold,no_feasible,False,585866.0,60.0057435000781,7577,7299,2270,2,,,True,
threshold,0.03,425.40202162190064,0.0,False,,2214,cold,no_feasible,False,593375.5,60.006403899984434,7549,7299,1898,2,,,True,
threshold,0.03,425.40202162190064,0.0,False,,2215,cold,no_feasible,False,577995.5,60.00359610002488,7648,7299,1969,2,,,True,
threshold,0.03,425.40202162190064,0.0,False,,2216,cold,no_feasible,False,613185.5,60.00487529998645,7641,7299,2081,2,,,True,
threshold,0.03,425.40202162190064,0.0,False,,2217,cold,no_feasible,False,590687.0,60.004061799962074,7525,7299,2314,2,,,True,
threshold,0.03,425.40202162190064,0.0,False,,2218,cold,no_feasible,False,581364.0,60.00076390011236,7454,7253,1955,1,,,True,
threshold,0.03,425.40202162190064,0.0,False,,2219,cold,no_feasible,False,586475.5,60.005681400187314,7774,7372,1920,2,,,True,
threshold,0.03,425.40202162190064,0.0,False,,2220,cold,no_feasible,False,612357.5,60.00233940011822,7614,7299,1994,2,,,True,
threshold,0.025,424.36823632312536,0.0,False,,2201,cold,no_feasible,False,621316.5,60.00551089993678,7936,7534,2285,2,,,True,
threshold,0.025,424.36823632312536,0.0,False,,2202,cold,no_feasible,False,605537.5,60.003185000037774,7689,7299,2103,2,,,True,
threshold,0.025,424.36823632312536,0.0,False,,2203,cold,no_feasible,False,599969.0,60.00089479982853,7732,7330,1977,2,,,True,
threshold,0.025,424.36823632312536,0.0,False,,2204,cold,no_feasible,False,608559.5,60.000043999869376,7836,7434,2336,2,,,True,
threshold,0.025,424.36823632312536,0.0,False,,2205,cold,no_feasible,False,599676.0,60.00198209984228,7673,7299,1876,2,,,True,
threshold,0.025,424.36823632312536,0.0,False,,2206,cold,no_feasible,False,597174.5,60.002554199891165,7617,7299,2048,2,,,True,
threshold,0.025,424.36823632312536,0.0,False,,2207,cold,no_feasible,False,602948.5,60.00529229990207,7779,7377,1990,2,,,True,
threshold,0.025,424.36823632312536,0.0,False,,2208,cold,no_feasible,False,604163.0,60.00368930003606,7764,7362,1937,2,,,True,
threshold,0.025,424.36823632312536,0.0,False,,2209,cold,no_feasible,False,608977.0,60.0027570000384,7734,7332,2253,2,,,True,
threshold,0.025,424.36823632312536,0.0,False,,2210,cold,no_feasible,False,587932.5,60.0036923000589,7838,7436,2027,2,,,True,
threshold,0.025,424.36823632312536,0.0,False,,2211,cold,no_feasible,False,592978.0,60.00097649986856,7928,7526,2254,2,,,True,
threshold,0.025,424.36823632312536,0.0,False,,2212,cold,no_feasible,False,600766.5,60.00298380013555,7774,7372,2157,2,,,True,
threshold,0.025,424.36823632312536,0.0,False,,2213,cold,no_feasible,False,601965.5,60.00040549994446,7650,7299,1901,2,,,True,
threshold,0.025,424.36823632312536,0.0,False,,2214,cold,no_feasible,False,605577.0,60.00523559981957,7688,7299,1967,2,,,True,
threshold,0.025,424.36823632312536,0.0,False,,2215,cold,no_feasible,False,607432.5,60.00217920006253,7668,7299,1986,2,,,True,
threshold,0.025,424.36823632312536,0.0,False,,2216,cold,no_feasible,False,596197.0,60.00174239999615,7688,7299,1964,2,,,True,
threshold,0.025,424.36823632312536,0.0,False,,2217,cold,no_feasible,False,600149.0,60.00141799985431,7713,7311,2252,2,,,True,
threshold,0.025,424.36823632312536,0.0,False,,2218,cold,no_feasible,False,595704.5,60.00044309999794,7649,7299,1985,2,,,True,
threshold,0.025,424.36823632312536,0.0,False,,2219,cold,no_feasible,False,593522.0,60.00035250000656,7847,7445,1907,2,,,True,
threshold,0.025,424.36823632312536,0.0,False,,2220,cold,no_feasible,False,594535.5,60.006279200082645,7742,7340,1867,2,,,True,
threshold,0.02,423.3319265068488,0.0,False,,2201,cold,no_feasible,False,593619.0,60.00667500006966,7926,7524,2422,2,,,True,
threshold,0.02,423.3319265068488,0.0,False,,2202,cold,no_feasible,False,601387.0,60.00329619995318,7828,7426,2221,2,,,True,
threshold,0.02,423.3319265068488,0.0,False,,2203,cold,no_feasible,False,582919.0,60.00460459990427,7931,7529,2092,2,,,True,
threshold,0.02,423.3319265068488,0.0,False,,2204,cold,no_feasible,False,602978.5,60.00014219991863,7858,7456,2337,2,,,True,
threshold,0.02,423.3319265068488,0.0,False,,2205,cold,no_feasible,False,602960.0,60.000608100090176,7820,7418,2138,2,,,True,
threshold,0.02,423.3319265068488,0.0,False,,2206,cold,no_feasible,False,609710.5,60.00182709982619,7751,7349,2054,2,,,True,
threshold,0.02,423.3319265068488,0.0,False,,2207,cold,no_feasible,False,582774.5,60.00096060009673,7792,7390,2013,2,,,True,
threshold,0.02,423.3319265068488,0.0,False,,2208,cold,no_feasible,False,593392.5,60.00706909992732,7710,7308,1897,2,,,True,
threshold,0.02,423.3319265068488,0.0,False,,2209,cold,no_feasible,False,590732.5,60.00976499984972,7803,7401,2219,2,,,True,
threshold,0.02,423.3319265068488,0.0,False,,2210,cold,no_feasible,False,581635.0,60.00885789981112,7873,7471,1965,2,,,True,
threshold,0.02,423.3319265068488,0.0,False,,2211,cold,no_feasible,False,608728.5,60.005738500040025,7970,7568,2396,2,,,True,
threshold,0.02,423.3319265068488,0.0,False,,2212,cold,no_feasible,False,603292.5,60.00221959990449,7783,7381,2163,2,,,True,
threshold,0.02,423.3319265068488,0.0,False,,2213,cold,no_feasible,False,586758.0,60.0010873998981,7882,7480,2076,2,,,True,
threshold,0.02,423.3319265068488,0.0,False,,2214,cold,no_feasible,False,595297.0,60.006497299997136,7743,7341,2081,2,,,True,
threshold,0.02,423.3319265068488,0.0,False,,2215,cold,no_feasible,False,600067.5,60.0045505000744,7831,7429,2031,2,,,True,
threshold,0.02,423.3319265068488,0.0,False,,2216,cold,no_feasible,False,594189.5,60.00102569977753,7631,7299,2025,2,,,True,
threshold,0.02,423.3319265068488,0.0,False,,2217,cold,no_feasible,False,595558.0,60.000767400022596,7868,7466,2275,2,,,True,
threshold,0.02,423.3319265068488,0.0,False,,2218,cold,no_feasible,False,601721.5,60.00034959986806,7750,7348,2041,2,,,True,
threshold,0.02,423.3319265068488,0.0,False,,2219,cold,no_feasible,False,600872.5,60.009505399968475,7902,7500,2030,2,,,True,
threshold,0.02,423.3319265068488,0.0,False,,2220,cold,no_feasible,False,589237.5,60.00543829984963,7953,7551,2194,2,,,True,
threshold,0.015,422.2930735875264,0.0,False,,2201,cold,no_feasible,False,604058.5,60.00448660016991,8062,7660,2387,2,,,True,
threshold,0.015,422.2930735875264,0.0,False,,2202,cold,no_feasible,False,606227.0,60.005816699936986,7948,7546,2141,2,,,True,
threshold,0.015,422.2930735875264,0.0,False,,2203,cold,no_feasible,False,606856.5,60.00438540009782,7990,7588,2207,2,,,True,
threshold,0.015,422.2930735875264,0.0,False,,2204,cold,no_feasible,False,599280.5,60.00484429998323,8062,7660,2292,2,,,True,
threshold,0.015,422.2930735875264,0.0,False,,2205,cold,no_feasible,False,612295.5,60.00223740004003,7816,7414,2110,2,,,True,
threshold,0.015,422.2930735875264,0.0,False,,2206,cold,no_feasible,False,577139.5,60.0021675999742,7776,7374,2047,2,,,True,
threshold,0.015,422.2930735875264,0.0,False,,2207,cold,no_feasible,False,597024.5,60.00291849998757,7805,7403,2079,2,,,True,
threshold,0.015,422.2930735875264,0.0,False,,2208,cold,no_feasible,False,607584.5,60.00377940014005,7715,7313,1947,2,,,True,
threshold,0.015,422.2930735875264,0.0,False,,2209,cold,no_feasible,False,599029.0,60.00132489996031,7716,7314,2161,2,,,True,
threshold,0.015,422.2930735875264,0.0,False,,2210,cold,no_feasible,False,592427.0,60.00232829991728,7702,7300,1955,2,,,True,
threshold,0.015,422.2930735875264,0.0,False,,2211,cold,no_feasible,False,604130.0,60.002032400108874,7757,7355,2301,2,,,True,
threshold,0.015,422.2930735875264,0.0,False,,2212,cold,no_feasible,False,584828.0,60.0010057000909,7769,7367,2326,2,,,True,
threshold,0.015,422.2930735875264,0.0,False,,2213,cold,no_feasible,False,601696.5,60.00739679997787,7762,7360,2018,2,,,True,
threshold,0.015,422.2930735875264,0.0,False,,2214,cold,no_feasible,False,594105.5,60.003131200093776,7668,7299,1954,2,,,True,
threshold,0.015,422.2930735875264,0.0,False,,2215,cold,no_feasible,False,615534.5,60.00854149996303,7817,7415,2035,2,,,True,
threshold,0.015,422.2930735875264,0.0,False,,2216,cold,no_feasible,False,591871.5,60.00474819983356,7709,7307,1853,2,,,True,
threshold,0.015,422.2930735875264,0.0,False,,2217,cold,no_feasible,False,587583.5,60.003198199905455,7891,7489,2194,2,,,True,
threshold,0.015,422.2930735875264,0.0,False,,2218,cold,no_feasible,False,594143.5,60.006402800092474,7702,7300,1805,2,,,True,
threshold,0.015,422.2930735875264,0.0,False,,2219,cold,no_feasible,False,604107.5,60.00128520000726,7784,7382,1959,2,,,True,
threshold,0.015,422.2930735875264,0.0,False,,2220,cold,no_feasible,False,591937.5,60.000462000025436,7825,7423,1956,2,,,True,
threshold,0.01,421.25165875044337,0.0,False,,2201,cold,no_feasible,False,596742.0,60.002077700104564,8026,7624,2402,2,,,True,
threshold,0.01,421.25165875044337,0.0,False,,2202,cold,no_feasible,False,580479.0,60.00243689981289,7915,7513,2150,2,,,True,
threshold,0.01,421.25165875044337,0.0,False,,2203,cold,no_feasible,False,603957.5,60.00229550013319,8063,7661,2253,2,,,True,
threshold,0.01,421.25165875044337,0.0,False,,2204,cold,no_feasible,False,601416.5,60.00297010014765,8129,7727,2263,2,,,True,
threshold,0.01,421.25165875044337,0.0,False,,2205,cold,no_feasible,False,592212.0,60.00117069995031,7816,7414,2150,2,,,True,
threshold,0.01,421.25165875044337,0.0,False,,2206,cold,no_feasible,False,587467.0,60.0049342000857,7752,7350,2075,2,,,True,
threshold,0.01,421.25165875044337,0.0,False,,2207,cold,no_feasible,False,592981.0,60.00112230004743,7705,7303,2007,2,,,True,
threshold,0.01,421.25165875044337,0.0,False,,2208,cold,no_feasible,False,602930.0,60.001649799989536,7704,7302,1995,2,,,True,
threshold,0.01,421.25165875044337,0.0,False,,2209,cold,no_feasible,False,596657.5,60.00272349989973,7722,7320,2050,2,,,True,
threshold,0.01,421.25165875044337,0.0,False,,2210,cold,no_feasible,False,591033.0,60.007752100005746,7797,7395,2015,2,,,True,
threshold,0.01,421.25165875044337,0.0,False,,2211,cold,no_feasible,False,592869.5,60.004564200062305,7949,7547,2147,2,,,True,
threshold,0.01,421.25165875044337,0.0,False,,2212,cold,no_feasible,False,613699.0,60.002005300018936,7861,7459,2328,2,,,True,
threshold,0.01,421.25165875044337,0.0,False,,2213,cold,no_feasible,False,605587.0,60.003373000072315,7841,7439,2045,2,,,True,
threshold,0.01,421.25165875044337,0.0,False,,2214,cold,no_feasible,False,588652.5,60.00228630006313,7821,7419,1995,2,,,True,
threshold,0.01,421.25165875044337,0.0,False,,2215,cold,no_feasible,False,591499.0,60.003662599949166,7890,7488,2050,2,,,True,
threshold,0.01,421.25165875044337,0.0,False,,2216,cold,no_feasible,False,607652.0,60.00220160000026,7781,7379,1813,2,,,True,
threshold,0.01,421.25165875044337,0.0,False,,2217,cold,no_feasible,False,592021.5,60.005394499981776,7888,7486,2252,2,,,True,
threshold,0.01,421.25165875044337,0.0,False,,2218,cold,no_feasible,False,579547.5,60.00002020015381,7772,7370,1967,2,,,True,
threshold,0.01,421.25165875044337,0.0,False,,2219,cold,no_feasible,False,590489.5,60.00787009997293,7949,7547,2173,2,,,True,
threshold,0.01,421.25165875044337,0.0,False,,2220,cold,no_feasible,False,574241.5,60.00173590006307,7931,7529,1922,2,,,True,
threshold,0.005,420.20766294773824,0.0,False,,2201,cold,no_feasible,False,603731.5,60.00009039998986,7996,7594,2259,2,,,True,
threshold,0.005,420.20766294773824,0.0,False,,2202,cold,no_feasible,False,605700.5,60.003075799904764,7868,7466,2095,2,,,True,
threshold,0.005,420.20766294773824,0.0,False,,2203,cold,no_feasible,False,597647.5,60.005509700160474,7875,7473,2115,2,,,True,
threshold,0.005,420.20766294773824,0.0,False,,2204,cold,no_feasible,False,605776.0,60.00028899987228,8027,7625,2509,2,,,True,
threshold,0.005,420.20766294773824,0.0,False,,2205,cold,no_feasible,False,608144.5,60.0003136000596,7812,7410,1850,2,,,True,
threshold,0.005,420.20766294773824,0.0,False,,2206,cold,no_feasible,False,590043.5,60.0019922000356,7730,7328,1967,2,,,True,
threshold,0.005,420.20766294773824,0.0,False,,2207,cold,no_feasible,False,605055.5,60.00305509986356,7756,7354,1936,2,,,True,
threshold,0.005,420.20766294773824,0.0,False,,2208,cold,no_feasible,False,575723.5,60.00155679997988,7649,7299,1855,2,,,True,
threshold,0.005,420.20766294773824,0.0,False,,2209,cold,no_feasible,False,607990.0,60.000290299998596,7686,7299,2181,2,,,True,
threshold,0.005,420.20766294773824,0.0,False,,2210,cold,no_feasible,False,609468.5,60.00373140000738,7758,7356,2074,2,,,True,
threshold,0.005,420.20766294773824,0.0,False,,2211,cold,no_feasible,False,593077.5,60.00309789995663,7941,7539,2361,2,,,True,
threshold,0.005,420.20766294773824,0.0,False,,2212,cold,no_feasible,False,605488.0,60.0041245999746,7806,7404,2281,2,,,True,
threshold,0.005,420.20766294773824,0.0,False,,2213,cold,no_feasible,False,583087.0,60.0011343001388,7887,7485,2164,2,,,True,
threshold,0.005,420.20766294773824,0.0,False,,2214,cold,no_feasible,False,591373.5,60.00022070016712,7778,7376,1838,2,,,True,
threshold,0.005,420.20766294773824,0.0,False,,2215,cold,no_feasible,False,590435.0,60.01091930014081,7738,7336,1956,2,,,True,
threshold,0.005,420.20766294773824,0.0,False,,2216,cold,no_feasible,False,589763.5,60.0123333001975,7683,7299,1945,2,,,True,
threshold,0.005,420.20766294773824,0.0,False,,2217,cold,no_feasible,False,601240.5,60.00310020009056,7837,7435,2257,2,,,True,
threshold,0.005,420.20766294773824,0.0,False,,2218,cold,no_feasible,False,604307.5,60.000091899884865,7632,7299,1878,2,,,True,
threshold,0.005,420.20766294773824,0.0,False,,2219,cold,no_feasible,False,602040.5,60.00051339995116,7832,7430,1971,2,,,True,
threshold,0.005,420.20766294773824,0.0,False,,2220,cold,no_feasible,False,598010.5,60.00300939986482,7836,7434,2054,2,,,True,
threshold,0.0,419.1610668943384,0.0,False,,2201,cold,no_feasible,False,585809.0,60.00011870008893,7858,7456,2181,2,,,True,
threshold,0.0,419.1610668943384,0.0,False,,2202,cold,no_feasible,False,597518.5,60.010013199876994,7732,7330,1927,2,,,True,
threshold,0.0,419.1610668943384,0.0,False,,2203,cold,no_feasible,False,597856.0,60.0011551999487,7850,7448,1950,2,,,True,
threshold,0.0,419.1610668943384,0.0,False,,2204,cold,no_feasible,False,580504.5,60.00264719990082,7850,7448,2255,2,,,True,
threshold,0.0,419.1610668943384,0.0,False,,2205,cold,no_feasible,False,598515.0,60.00276780012064,7775,7373,1948,2,,,True,
threshold,0.0,419.1610668943384,0.0,False,,2206,cold,no_feasible,False,600376.5,60.002401599893346,7702,7300,1895,2,,,True,
threshold,0.0,419.1610668943384,0.0,False,,2207,cold,no_feasible,False,596770.5,60.00589959998615,7732,7330,2070,2,,,True,
threshold,0.0,419.1610668943384,0.0,False,,2208,cold,no_feasible,False,613068.5,60.0059326000046,7803,7401,2058,2,,,True,
threshold,0.0,419.1610668943384,0.0,False,,2209,cold,no_feasible,False,593466.5,60.002391200046986,7635,7299,1928,2,,,True,
threshold,0.0,419.1610668943384,0.0,False,,2210,cold,no_feasible,False,596594.0,60.004844000097364,7606,7299,2098,2,,,True,
threshold,0.0,419.1610668943384,0.0,False,,2211,cold,no_feasible,False,581459.5,60.001867099897936,7619,7299,2065,2,,,True,
threshold,0.0,419.1610668943384,0.0,False,,2212,cold,no_feasible,False,602041.0,60.00124979997054,7740,7338,2161,2,,,True,
threshold,0.0,419.1610668943384,0.0,False,,2213,cold,no_feasible,False,611421.5,60.006724999984726,7808,7406,2119,2,,,True,
threshold,0.0,419.1610668943384,0.0,False,,2214,cold,no_feasible,False,596464.5,60.00332990009338,7667,7299,1838,2,,,True,
threshold,0.0,419.1610668943384,0.0,False,,2215,cold,no_feasible,False,585266.0,60.00413730018772,7814,7412,2088,2,,,True,
threshold,0.0,419.1610668943384,0.0,False,,2216,cold,no_feasible,False,594602.0,60.00824379990809,7901,7499,2208,2,,,True,
threshold,0.0,419.1610668943384,0.0,False,,2217,cold,no_feasible,False,583628.5,60.00621139979921,7799,7397,2058,2,,,True,
threshold,0.0,419.1610668943384,0.0,False,,2218,cold,no_feasible,False,602083.5,60.00508669996634,7739,7337,1913,2,,,True,
threshold,0.0,419.1610668943384,0.0,False,,2219,cold,no_feasible,False,599014.0,60.00429919990711,7853,7451,2059,2,,,True,
threshold,0.0,419.1610668943384,0.0,False,,2220,cold,no_feasible,False,598894.0,60.00511349993758,7761,7359,1988,2,,,True,
final,0.075,,,,,2301,final_cold,timeout,True,520824.5,60.0065101000946,8322,7920,748,2,1,0.21899250010028481,True,
final,0.075,,,,,2302,final_cold,timeout,True,522675.5,60.003151800017804,8076,7674,733,2,1,0.18642650009132922,True,
final,0.075,,,,,2303,final_cold,timeout,True,522638.0,60.00424140016548,8077,7675,895,2,1,0.24125540000386536,True,
final,0.075,,,,,2304,final_cold,timeout,True,521695.5,60.0004652000498,8262,7860,691,2,1,0.20667329989373684,True,
final,0.075,,,,,2305,final_cold,timeout,True,521112.5,60.00314879999496,7992,7590,586,2,1,0.1901401998475194,True,
final,0.075,,,,,2306,final_cold,timeout,True,517314.5,60.00540810008533,7913,7511,654,2,1,0.1790791000239551,True,
final,0.075,,,,,2307,final_cold,timeout,True,512504.5,60.004318199818954,8011,7609,669,2,1,0.18726419983431697,True,
final,0.075,,,,,2308,final_cold,timeout,True,516622.0,60.0041175999213,8065,7663,744,2,1,0.19425479997880757,True,
final,0.075,,,,,2309,final_cold,timeout,True,518930.0,60.00104560004547,8004,7602,791,2,1,0.18652370013296604,True,
final,0.075,,,,,2310,final_cold,timeout,True,514299.5,60.00577630009502,7979,7577,652,2,1,0.1948508000932634,True,
final,0.075,,,,,2311,final_cold,timeout,True,522772.0,60.01175499986857,8040,7638,877,2,1,0.1899303998798132,True,
final,0.075,,,,,2312,final_cold,timeout,True,520018.0,60.004830699879676,8168,7766,698,2,1,0.21529159997589886,True,
final,0.075,,,,,2313,final_cold,timeout,True,512427.5,60.00580420019105,8132,7730,696,2,1,0.26600420009344816,True,
final,0.075,,,,E:/2026_chinamcm/outputs/q3/_runtime/v3_n200/runtime/n200/v3_n200_q3-lin/layout.json,2314,final_cold,timeout,True,510627.0,60.004786300007254,8029,7627,610,2,1,0.29587680008262396,True,
final,0.075,,,,,2315,final_cold,timeout,True,520179.5,60.00458599999547,7982,7580,1157,2,1,0.19548929994925857,True,
final,0.075,,,,,2316,final_cold,timeout,True,520791.0,60.0048545000609,8214,7812,646,2,1,0.2071720000822097,True,
final,0.075,,,,,2317,final_cold,timeout,True,512529.5,60.004735599970445,8081,7679,743,2,1,0.23786409990862012,True,
final,0.075,,,,,2318,final_cold,timeout,True,519749.0,60.00502249994315,7979,7577,912,2,1,0.2307538001332432,True,
final,0.075,,,,,2319,final_cold,timeout,True,521085.5,60.00430079991929,8109,7707,641,2,1,0.21294209989719093,True,
final,0.075,,,,,2320,final_cold,timeout,True,520519.5,60.0037972999271,8131,7729,644,2,1,0.21268090000376105,True,
