problem,instance,config_id,seed,status,legal,formal_audit_match,area,aspect_ratio,HPWL,first_feasible_time,evaluations,runtime_seconds,evaluations_per_second,layout_path
Q1,n200,Q1-G,2201,success,True,True,284016.0,123.27083333333333,0,,1,41.825208700000076,0.023909025945876468,outputs/q1/_runtime/v3_n200/n200/Q1-G/seed_2201/layout.json
Q1,n200,Q1-G,2202,success,True,True,284016.0,123.27083333333333,0,,1,41.5922673999994,0.024042930633784453,outputs/q1/_runtime/v3_n200/n200/Q1-G/seed_2202/layout.json
Q1,n200,Q1-G,2203,success,True,True,284016.0,123.27083333333333,0,,1,41.872692499999175,0.023881913015266924,outputs/q1/_runtime/v3_n200/n200/Q1-G/seed_2203/layout.json
Q1,n200,Q1-G,2204,success,True,True,284016.0,123.27083333333333,0,,1,41.53782180000053,0.0240744448472738,outputs/q1/_runtime/v3_n200/n200/Q1-G/seed_2204/layout.json
Q1,n200,Q1-G,2205,success,True,True,284016.0,123.27083333333333,0,,1,41.16184330000033,0.02429434446634687,outputs/q1/_runtime/v3_n200/n200/Q1-G/seed_2205/layout.json
Q1,n200,Q1-G,2206,success,True,True,284016.0,123.27083333333333,0,,1,44.31917160000012,0.022563598639104468,outputs/q1/_runtime/v3_n200/n200/Q1-G/seed_2206/layout.json
Q1,n200,Q1-G,2207,success,True,True,284016.0,123.27083333333333,0,,1,41.123747400000866,0.024316850073832982,outputs/q1/_runtime/v3_n200/n200/Q1-G/seed_2207/layout.json
Q1,n200,Q1-G,2208,success,True,True,284016.0,123.27083333333333,0,,1,41.92550350000056,0.023851830425840603,outputs/q1/_runtime/v3_n200/n200/Q1-G/seed_2208/layout.json
Q1,n200,Q1-G,2209,success,True,True,284016.0,123.27083333333333,0,,1,45.08066510000026,0.0221824588830211,outputs/q1/_runtime/v3_n200/n200/Q1-G/seed_2209/layout.json
Q1,n200,Q1-G,2210,success,True,True,284016.0,123.27083333333333,0,,1,45.06746139999996,0.02218895781868914,outputs/q1/_runtime/v3_n200/n200/Q1-G/seed_2210/layout.json
Q1,n200,Q1-G,2211,success,True,True,284016.0,123.27083333333333,0,,1,43.99465940000118,0.022730031636521163,outputs/q1/_runtime/v3_n200/n200/Q1-G/seed_2211/layout.json
Q1,n200,Q1-G,2212,success,True,True,284016.0,123.27083333333333,0,,1,44.40578930000083,0.022519586201792414,outputs/q1/_runtime/v3_n200/n200/Q1-G/seed_2212/layout.json
Q1,n200,Q1-G,2213,success,True,True,284016.0,123.27083333333333,0,,1,45.07244990000072,0.022186502003299892,outputs/q1/_runtime/v3_n200/n200/Q1-G/seed_2213/layout.json
Q1,n200,Q1-G,2214,success,True,True,284016.0,123.27083333333333,0,,1,44.66077369999948,0.02239101379472993,outputs/q1/_runtime/v3_n200/n200/Q1-G/seed_2214/layout.json
Q1,n200,Q1-G,2215,success,True,True,284016.0,123.27083333333333,0,,1,44.95316570000068,0.02224537436748275,outputs/q1/_runtime/v3_n200/n200/Q1-G/seed_2215/layout.json
Q1,n200,Q1-G,2216,success,True,True,284016.0,123.27083333333333,0,,1,44.78211359999841,0.022330343961255893,outputs/q1/_runtime/v3_n200/n200/Q1-G/seed_2216/layout.json
Q1,n200,Q1-G,2217,success,True,True,284016.0,123.27083333333333,0,,1,44.94158400000015,0.022251107126086092,outputs/q1/_runtime/v3_n200/n200/Q1-G/seed_2217/layout.json
Q1,n200,Q1-G,2218,success,True,True,284016.0,123.27083333333333,0,,1,45.09472170000117,0.02217554432761859,outputs/q1/_runtime/v3_n200/n200/Q1-G/seed_2218/layout.json
Q1,n200,Q1-G,2219,success,True,True,284016.0,123.27083333333333,0,,1,46.35692100000051,0.02157175192890807,outputs/q1/_runtime/v3_n200/n200/Q1-G/seed_2219/layout.json
Q1,n200,Q1-G,2220,success,True,True,284016.0,123.27083333333333,0,,1,45.003338300000905,0.02222057380129909,outputs/q1/_runtime/v3_n200/n200/Q1-G/seed_2220/layout.json
Q1,n200,Q1-SP,2201,timeout,True,True,219177.0,1.126984126984127,0,,10216,180.00908960000015,56.75268967084422,outputs/q1/_runtime/v3_n200/n200/Q1-SP/seed_2201/layout.json
Q1,n200,Q1-SP,2202,timeout,True,True,222386.0,1.1331828442437923,0,,10223,180.0173921000005,56.78895733763922,outputs/q1/_runtime/v3_n200/n200/Q1-SP/seed_2202/layout.json
Q1,n200,Q1-SP,2203,timeout,True,True,230880.0,1.0020833333333334,0,,10156,180.0179817999997,56.41658626793925,outputs/q1/_runtime/v3_n200/n200/Q1-SP/seed_2203/layout.json
Q1,n200,Q1-SP,2204,timeout,True,True,232804.0,1.0062370062370063,0,,10170,180.01317199999903,56.495865758090495,outputs/q1/_runtime/v3_n200/n200/Q1-SP/seed_2204/layout.json
Q1,n200,Q1-SP,2205,timeout,True,True,228950.0,1.0147368421052632,0,,10116,180.0141418000003,56.19558496264755,outputs/q1/_runtime/v3_n200/n200/Q1-SP/seed_2205/layout.json
Q1,n200,Q1-SP,2206,timeout,True,True,224725.0,1.1348314606741574,0,,10114,180.004758699999,56.1874034500181,outputs/q1/_runtime/v3_n200/n200/Q1-SP/seed_2206/layout.json
Q1,n200,Q1-SP,2207,timeout,True,True,235296.0,1.131578947368421,0,,9979,180.01681519999875,55.43371039485021,outputs/q1/_runtime/v3_n200/n200/Q1-SP/seed_2207/layout.json
Q1,n200,Q1-SP,2208,timeout,True,True,227841.0,1.182232346241458,0,,9950,180.00961329999882,55.27482570287853,outputs/q1/_runtime/v3_n200/n200/Q1-SP/seed_2208/layout.json
Q1,n200,Q1-SP,2209,timeout,True,True,230399.0,1.0041753653444676,0,,9862,180.01280880000013,54.78499038897277,outputs/q1/_runtime/v3_n200/n200/Q1-SP/seed_2209/layout.json
Q1,n200,Q1-SP,2210,timeout,True,True,221368.0,1.0063965884861408,0,,10005,180.00451280000016,55.58193983234398,outputs/q1/_runtime/v3_n200/n200/Q1-SP/seed_2210/layout.json
Q1,n200,Q1-SP,2211,timeout,True,True,226527.0,1.0298507462686568,0,,9986,180.00659749999977,55.47574443764492,outputs/q1/_runtime/v3_n200/n200/Q1-SP/seed_2211/layout.json
Q1,n200,Q1-SP,2212,timeout,True,True,228806.0,1.053648068669528,0,,9885,180.0099182999984,54.913640833534494,outputs/q1/_runtime/v3_n200/n200/Q1-SP/seed_2212/layout.json
Q1,n200,Q1-SP,2213,timeout,True,True,228536.0,1.2712264150943395,0,,9844,180.01034729999992,54.68574527882156,outputs/q1/_runtime/v3_n200/n200/Q1-SP/seed_2213/layout.json
Q1,n200,Q1-SP,2214,timeout,True,True,225450.0,1.1133333333333333,0,,9735,180.0137338000004,54.07920714991568,outputs/q1/_runtime/v3_n200/n200/Q1-SP/seed_2214/layout.json
Q1,n200,Q1-SP,2215,timeout,True,True,224555.0,1.0475161987041037,0,,9948,180.00426869999865,55.26535604874839,outputs/q1/_runtime/v3_n200/n200/Q1-SP/seed_2215/layout.json
Q1,n200,Q1-SP,2216,timeout,True,True,228690.0,1.0714285714285714,0,,9820,180.00398080000014,54.55434905581817,outputs/q1/_runtime/v3_n200/n200/Q1-SP/seed_2216/layout.json
Q1,n200,Q1-SP,2217,timeout,True,True,223076.0,1.1843317972350231,0,,9918,180.00888060000034,55.09728168377922,outputs/q1/_runtime/v3_n200/n200/Q1-SP/seed_2217/layout.json
Q1,n200,Q1-SP,2218,timeout,True,True,222310.0,1.0063829787234042,0,,9857,180.00464030000148,54.75969943648124,outputs/q1/_runtime/v3_n200/n200/Q1-SP/seed_2218/layout.json
Q1,n200,Q1-SP,2219,timeout,True,True,229000.0,1.091703056768559,0,,9954,180.01509389999956,55.29536320731839,outputs/q1/_runtime/v3_n200/n200/Q1-SP/seed_2219/layout.json
Q1,n200,Q1-SP,2220,timeout,True,True,227824.0,1.0581896551724137,0,,9877,180.01404860000002,54.867939901441666,outputs/q1/_runtime/v3_n200/n200/Q1-SP/seed_2220/layout.json
Q1,n200,Q1-BT,2201,timeout,True,True,196224.0,3.9107142857142856,0,,67792,180.0017598000013,376.61854014829197,outputs/q1/_runtime/v3_n200/n200/Q1-BT/seed_2201/layout.json
Q1,n200,Q1-BT,2202,timeout,True,True,197200.0,4.93,0,,69604,180.00078250000115,386.6872078736633,outputs/q1/_runtime/v3_n200/n200/Q1-BT/seed_2202/layout.json
Q1,n200,Q1-BT,2203,timeout,True,True,196560.0,3.58974358974359,0,,67519,180.0004620999989,375.1045925787121,outputs/q1/_runtime/v3_n200/n200/Q1-BT/seed_2203/layout.json
Q1,n200,Q1-BT,2204,timeout,True,True,198790.0,4.684466019417476,0,,68778,180.00189369999862,382.09598013801633,outputs/q1/_runtime/v3_n200/n200/Q1-BT/seed_2204/layout.json
Q1,n200,Q1-BT,2205,timeout,True,True,198875.0,4.3023255813953485,0,,65210,180.0020702999991,362.2736110274634,outputs/q1/_runtime/v3_n200/n200/Q1-BT/seed_2205/layout.json
Q1,n200,Q1-BT,2206,timeout,True,True,199584.0,4.277777777777778,0,,65232,180.00293370000145,362.3940935802619,outputs/q1/_runtime/v3_n200/n200/Q1-BT/seed_2206/layout.json
Q1,n200,Q1-BT,2207,timeout,True,True,197925.0,5.205128205128205,0,,66701,180.00186639999993,370.55726884396364,outputs/q1/_runtime/v3_n200/n200/Q1-BT/seed_2207/layout.json
Q1,n200,Q1-BT,2208,timeout,True,True,197290.0,4.151376146788991,0,,64776,180.00204989999838,359.8625684317864,outputs/q1/_runtime/v3_n200/n200/Q1-BT/seed_2208/layout.json
Q1,n200,Q1-BT,2209,timeout,True,True,200560.0,4.220183486238532,0,,65013,180.0009546000001,361.1814178678803,outputs/q1/_runtime/v3_n200/n200/Q1-BT/seed_2209/layout.json
Q1,n200,Q1-BT,2210,timeout,True,True,197439.0,5.300518134715026,0,,66338,180.0001790999995,368.5440777430881,outputs/q1/_runtime/v3_n200/n200/Q1-BT/seed_2210/layout.json
Q1,n200,Q1-BT,2211,timeout,True,True,194555.0,3.5836909871244633,0,,65029,180.00195209999947,361.2683042674635,outputs/q1/_runtime/v3_n200/n200/Q1-BT/seed_2211/layout.json
Q1,n200,Q1-BT,2212,timeout,True,True,200013.0,4.578947368421052,0,,65102,180.00156679999964,361.6746296010582,outputs/q1/_runtime/v3_n200/n200/Q1-BT/seed_2212/layout.json
Q1,n200,Q1-BT,2213,timeout,True,True,200090.0,4.369158878504673,0,,65418,180.00076420000005,363.4317903634766,outputs/q1/_runtime/v3_n200/n200/Q1-BT/seed_2213/layout.json
Q1,n200,Q1-BT,2214,timeout,True,True,201465.0,5.886486486486486,0,,66436,180.00309600000037,369.08254066918863,outputs/q1/_runtime/v3_n200/n200/Q1-BT/seed_2214/layout.json
Q1,n200,Q1-BT,2215,timeout,True,True,196911.0,4.031674208144796,0,,65187,180.00076869999975,362.14845342491077,outputs/q1/_runtime/v3_n200/n200/Q1-BT/seed_2215/layout.json
Q1,n200,Q1-BT,2216,timeout,True,True,201136.0,4.649038461538462,0,,66006,180.0017745999994,366.6963847810877,outputs/q1/_runtime/v3_n200/n200/Q1-BT/seed_2216/layout.json
Q1,n200,Q1-BT,2217,timeout,True,True,199688.0,3.8078602620087336,0,,63406,180.00163350000003,352.2523588653988,outputs/q1/_runtime/v3_n200/n200/Q1-BT/seed_2217/layout.json
Q1,n200,Q1-BT,2218,timeout,True,True,200239.0,4.497630331753554,0,,65735,180.0003261999991,365.19378263215793,outputs/q1/_runtime/v3_n200/n200/Q1-BT/seed_2218/layout.json
Q1,n200,Q1-BT,2219,timeout,True,True,202383.0,5.110552763819095,0,,65665,180.00127040000007,364.80298085718385,outputs/q1/_runtime/v3_n200/n200/Q1-BT/seed_2219/layout.json
Q1,n200,Q1-BT,2220,timeout,True,True,199626.0,5.304123711340206,0,,66592,180.00152349999917,369.95242431934366,outputs/q1/_runtime/v3_n200/n200/Q1-BT/seed_2220/layout.json
Q1,n300,Q1-G,3301,success,True,True,439680.0,190.83333333333334,0,,1,147.61122430000023,0.0067745525771646786,outputs/q1/_runtime/v3_n300_holdout/n300/Q1-G/seed_3301/layout.json
Q1,n300,Q1-G,3302,success,True,True,439680.0,190.83333333333334,0,,1,148.379273,0.006739485777100417,outputs/q1/_runtime/v3_n300_holdout/n300/Q1-G/seed_3302/layout.json
Q1,n300,Q1-G,3303,success,True,True,439680.0,190.83333333333334,0,,1,148.67217449999998,0.0067262082051540864,outputs/q1/_runtime/v3_n300_holdout/n300/Q1-G/seed_3303/layout.json
Q1,n300,Q1-G,3304,success,True,True,439680.0,190.83333333333334,0,,1,149.35768050000024,0.0066953369699658555,outputs/q1/_runtime/v3_n300_holdout/n300/Q1-G/seed_3304/layout.json
Q1,n300,Q1-G,3305,success,True,True,439680.0,190.83333333333334,0,,1,148.89415199999985,0.006716180498479222,outputs/q1/_runtime/v3_n300_holdout/n300/Q1-G/seed_3305/layout.json
Q1,n300,Q1-G,3306,success,True,True,439680.0,190.83333333333334,0,,1,147.32345600000008,0.006787785374787837,outputs/q1/_runtime/v3_n300_holdout/n300/Q1-G/seed_3306/layout.json
Q1,n300,Q1-G,3307,success,True,True,439680.0,190.83333333333334,0,,1,148.88104909999993,0.00671677158406053,outputs/q1/_runtime/v3_n300_holdout/n300/Q1-G/seed_3307/layout.json
Q1,n300,Q1-G,3308,success,True,True,439680.0,190.83333333333334,0,,1,146.96885770000017,0.006804162566475461,outputs/q1/_runtime/v3_n300_holdout/n300/Q1-G/seed_3308/layout.json
Q1,n300,Q1-G,3309,success,True,True,439680.0,190.83333333333334,0,,1,156.88744339999994,0.006373996403589813,outputs/q1/_runtime/v3_n300_holdout/n300/Q1-G/seed_3309/layout.json
Q1,n300,Q1-G,3310,success,True,True,439680.0,190.83333333333334,0,,1,160.3156686000002,0.006237693475209065,outputs/q1/_runtime/v3_n300_holdout/n300/Q1-G/seed_3310/layout.json
Q1,n300,Q1-G,3311,success,True,True,439680.0,190.83333333333334,0,,1,160.05842200000006,0.0062477187236045575,outputs/q1/_runtime/v3_n300_holdout/n300/Q1-G/seed_3311/layout.json
Q1,n300,Q1-G,3312,success,True,True,439680.0,190.83333333333334,0,,1,159.3253939000001,0.006276463378007687,outputs/q1/_runtime/v3_n300_holdout/n300/Q1-G/seed_3312/layout.json
Q1,n300,Q1-G,3313,success,True,True,439680.0,190.83333333333334,0,,1,157.74780810000038,0.006339232297706947,outputs/q1/_runtime/v3_n300_holdout/n300/Q1-G/seed_3313/layout.json
Q1,n300,Q1-G,3314,success,True,True,439680.0,190.83333333333334,0,,1,157.06852490000028,0.006366647936858533,outputs/q1/_runtime/v3_n300_holdout/n300/Q1-G/seed_3314/layout.json
Q1,n300,Q1-G,3315,success,True,True,439680.0,190.83333333333334,0,,1,166.78200049999987,0.005995850853222022,outputs/q1/_runtime/v3_n300_holdout/n300/Q1-G/seed_3315/layout.json
Q1,n300,Q1-G,3316,success,True,True,439680.0,190.83333333333334,0,,1,160.17555989999983,0.006243149707884999,outputs/q1/_runtime/v3_n300_holdout/n300/Q1-G/seed_3316/layout.json
Q1,n300,Q1-G,3317,success,True,True,439680.0,190.83333333333334,0,,1,152.51592140000002,0.006556692513284058,outputs/q1/_runtime/v3_n300_holdout/n300/Q1-G/seed_3317/layout.json
Q1,n300,Q1-G,3318,success,True,True,439680.0,190.83333333333334,0,,1,152.43528190000006,0.00656016105678222,outputs/q1/_runtime/v3_n300_holdout/n300/Q1-G/seed_3318/layout.json
Q1,n300,Q1-G,3319,success,True,True,439680.0,190.83333333333334,0,,1,151.2052510999997,0.006613526929290631,outputs/q1/_runtime/v3_n300_holdout/n300/Q1-G/seed_3319/layout.json
Q1,n300,Q1-G,3320,success,True,True,439680.0,190.83333333333334,0,,1,151.4405200000001,0.006603252550902488,outputs/q1/_runtime/v3_n300_holdout/n300/Q1-G/seed_3320/layout.json
Q1,n300,Q1-G,3321,success,True,True,439680.0,190.83333333333334,0,,1,152.1227583,0.006573638364010654,outputs/q1/_runtime/v3_n300_holdout/n300/Q1-G/seed_3321/layout.json
Q1,n300,Q1-G,3322,success,True,True,439680.0,190.83333333333334,0,,1,151.83841090000033,0.006585948799599811,outputs/q1/_runtime/v3_n300_holdout/n300/Q1-G/seed_3322/layout.json
Q1,n300,Q1-G,3323,success,True,True,439680.0,190.83333333333334,0,,1,153.6960785000001,0.006506346874686196,outputs/q1/_runtime/v3_n300_holdout/n300/Q1-G/seed_3323/layout.json
Q1,n300,Q1-G,3324,success,True,True,439680.0,190.83333333333334,0,,1,159.4684916000001,0.0062708312467664885,outputs/q1/_runtime/v3_n300_holdout/n300/Q1-G/seed_3324/layout.json
Q1,n300,Q1-G,3325,success,True,True,439680.0,190.83333333333334,0,,1,154.76383150000038,0.006461458018374258,outputs/q1/_runtime/v3_n300_holdout/n300/Q1-G/seed_3325/layout.json
Q1,n300,Q1-G,3326,success,True,True,439680.0,190.83333333333334,0,,1,151.91186469999957,0.006582764302017042,outputs/q1/_runtime/v3_n300_holdout/n300/Q1-G/seed_3326/layout.json
Q1,n300,Q1-G,3327,success,True,True,439680.0,190.83333333333334,0,,1,153.23704099999986,0.006525837313707989,outputs/q1/_runtime/v3_n300_holdout/n300/Q1-G/seed_3327/layout.json
Q1,n300,Q1-G,3328,success,True,True,439680.0,190.83333333333334,0,,1,151.30218009999953,0.006609290093104237,outputs/q1/_runtime/v3_n300_holdout/n300/Q1-G/seed_3328/layout.json
Q1,n300,Q1-G,3329,success,True,True,439680.0,190.83333333333334,0,,1,153.31686179999997,0.0065224397907680115,outputs/q1/_runtime/v3_n300_holdout/n300/Q1-G/seed_3329/layout.json
Q1,n300,Q1-G,3330,success,True,True,439680.0,190.83333333333334,0,,1,152.72982839999986,0.006547509484401417,outputs/q1/_runtime/v3_n300_holdout/n300/Q1-G/seed_3330/layout.json
Q1,n300,Q1-SP,3301,timeout,True,True,358392.0,1.1934306569343065,0,,14141,600.0094791000001,23.56796099490155,outputs/q1/_runtime/v3_n300_holdout/n300/Q1-SP/seed_3301/layout.json
Q1,n300,Q1-SP,3302,timeout,True,True,371956.0,1.040133779264214,0,,14182,600.0206241999999,23.635854215692476,outputs/q1/_runtime/v3_n300_holdout/n300/Q1-SP/seed_3302/layout.json
Q1,n300,Q1-SP,3303,timeout,True,True,363285.0,1.0615384615384615,0,,14253,600.0073878000003,23.75470750828644,outputs/q1/_runtime/v3_n300_holdout/n300/Q1-SP/seed_3303/layout.json
Q1,n300,Q1-SP,3304,timeout,True,True,366520.0,1.035294117647059,0,,14067,600.0284239000002,23.443889388720663,outputs/q1/_runtime/v3_n300_holdout/n300/Q1-SP/seed_3304/layout.json
Q1,n300,Q1-SP,3305,timeout,True,True,364718.0,1.0916955017301038,0,,14167,600.0087707000002,23.611321520303893,outputs/q1/_runtime/v3_n300_holdout/n300/Q1-SP/seed_3305/layout.json
Q1,n300,Q1-SP,3306,timeout,True,True,355524.0,1.1377459749552772,0,,14250,600.0244847000004,23.749030853507087,outputs/q1/_runtime/v3_n300_holdout/n300/Q1-SP/seed_3306/layout.json
Q1,n300,Q1-SP,3307,timeout,True,True,363560.0,1.023489932885906,0,,14249,600.0181866000003,23.747613519419936,outputs/q1/_runtime/v3_n300_holdout/n300/Q1-SP/seed_3307/layout.json
Q1,n300,Q1-SP,3308,timeout,True,True,370678.0,1.0981067125645438,0,,14236,600.0251226,23.725673249002057,outputs/q1/_runtime/v3_n300_holdout/n300/Q1-SP/seed_3308/layout.json
Q1,n300,Q1-SP,3309,timeout,True,True,355448.0,1.1095406360424027,0,,13993,600.0295809999998,23.32051692631468,outputs/q1/_runtime/v3_n300_holdout/n300/Q1-SP/seed_3309/layout.json
Q1,n300,Q1-SP,3310,timeout,True,True,366030.0,1.0843373493975903,0,,13854,600.0125155999995,23.089518368039876,outputs/q1/_runtime/v3_n300_holdout/n300/Q1-SP/seed_3310/layout.json
Q1,n300,Q1-SP,3311,timeout,True,True,356448.0,1.1205673758865249,0,,13411,600.0072903999999,22.35139508231549,outputs/q1/_runtime/v3_n300_holdout/n300/Q1-SP/seed_3311/layout.json
Q1,n300,Q1-SP,3312,timeout,True,True,376002.0,1.0656565656565657,0,,13453,600.0104419999998,22.42127646171865,outputs/q1/_runtime/v3_n300_holdout/n300/Q1-SP/seed_3312/layout.json
Q1,n300,Q1-SP,3313,timeout,True,True,356874.0,1.0392491467576792,0,,13320,600.0081619999992,22.1996980101081,outputs/q1/_runtime/v3_n300_holdout/n300/Q1-SP/seed_3313/layout.json
Q1,n300,Q1-SP,3314,timeout,True,True,352787.0,1.0238500851788757,0,,13258,600.040919,22.095159813592645,outputs/q1/_runtime/v3_n300_holdout/n300/Q1-SP/seed_3314/layout.json
Q1,n300,Q1-SP,3315,timeout,True,True,370734.0,1.0945017182130585,0,,13461,600.0393893999999,22.433527261368823,outputs/q1/_runtime/v3_n300_holdout/n300/Q1-SP/seed_3315/layout.json
Q1,n300,Q1-SP,3316,timeout,True,True,356153.0,1.0550774526678142,0,,13399,600.0035104999997,22.331536008571412,outputs/q1/_runtime/v3_n300_holdout/n300/Q1-SP/seed_3316/layout.json
Q1,n300,Q1-SP,3317,timeout,True,True,372745.0,1.081771720613288,0,,13124,600.0305816999999,21.87221851729162,outputs/q1/_runtime/v3_n300_holdout/n300/Q1-SP/seed_3317/layout.json
Q1,n300,Q1-SP,3318,timeout,True,True,358317.0,1.076256499133449,0,,13309,600.0072156999995,22.181399909454473,outputs/q1/_runtime/v3_n300_holdout/n300/Q1-SP/seed_3318/layout.json
Q1,n300,Q1-SP,3319,timeout,True,True,365001.0,1.111692844677138,0,,13721,600.0019825999998,22.86825776898692,outputs/q1/_runtime/v3_n300_holdout/n300/Q1-SP/seed_3319/layout.json
Q1,n300,Q1-SP,3320,timeout,True,True,361563.0,1.1012216404886561,0,,13627,600.0342277,22.71037112705029,outputs/q1/_runtime/v3_n300_holdout/n300/Q1-SP/seed_3320/layout.json
Q1,n300,Q1-SP,3321,timeout,True,True,355812.0,1.0016778523489933,0,,13750,600.0167074999999,22.916028550754984,outputs/q1/_runtime/v3_n300_holdout/n300/Q1-SP/seed_3321/layout.json
Q1,n300,Q1-SP,3322,timeout,True,True,361920.0,1.0758620689655172,0,,13672,600.0406513999997,22.785122921423465,outputs/q1/_runtime/v3_n300_holdout/n300/Q1-SP/seed_3322/layout.json
Q1,n300,Q1-SP,3323,timeout,True,True,369408.0,1.054054054054054,0,,13750,600.0120847999997,22.91620510374095,outputs/q1/_runtime/v3_n300_holdout/n300/Q1-SP/seed_3323/layout.json
Q1,n300,Q1-SP,3324,timeout,True,True,363372.0,1.1342756183745584,0,,13654,600.0387457000006,22.75519722325822,outputs/q1/_runtime/v3_n300_holdout/n300/Q1-SP/seed_3324/layout.json
Q1,n300,Q1-SP,3325,timeout,True,True,352656.0,1.1326164874551972,0,,13120,600.0500174999997,21.864843958612177,outputs/q1/_runtime/v3_n300_holdout/n300/Q1-SP/seed_3325/layout.json
Q1,n300,Q1-SP,3326,timeout,True,True,356766.0,1.0532646048109966,0,,13080,600.0292620999999,21.798936862216078,outputs/q1/_runtime/v3_n300_holdout/n300/Q1-SP/seed_3326/layout.json
Q1,n300,Q1-SP,3327,timeout,True,True,361202.0,1.0849220103986135,0,,12882,600.0306170000003,21.468904477586005,outputs/q1/_runtime/v3_n300_holdout/n300/Q1-SP/seed_3327/layout.json
Q1,n300,Q1-SP,3328,timeout,True,True,366210.0,1.07008547008547,0,,12815,600.0045706999999,21.358170630349168,outputs/q1/_runtime/v3_n300_holdout/n300/Q1-SP/seed_3328/layout.json
Q1,n300,Q1-SP,3329,timeout,True,True,375285.0,1.0744500846023688,0,,12739,600.0272332000004,21.23070303336357,outputs/q1/_runtime/v3_n300_holdout/n300/Q1-SP/seed_3329/layout.json
Q1,n300,Q1-SP,3330,timeout,True,True,359268.0,1.0391156462585034,0,,12762,600.0157964999999,21.269440028817648,outputs/q1/_runtime/v3_n300_holdout/n300/Q1-SP/seed_3330/layout.json
Q1,n300,Q1-BT,3301,success,True,True,309756.0,4.995983935742972,0,,100000,424.2546822000004,235.70747523973915,outputs/q1/_runtime/v3_n300_holdout/n300/Q1-BT/seed_3301/layout.json
Q1,n300,Q1-BT,3302,success,True,True,311992.0,5.601694915254237,0,,100000,415.22525959999984,240.83313259008685,outputs/q1/_runtime/v3_n300_holdout/n300/Q1-BT/seed_3302/layout.json
Q1,n300,Q1-BT,3303,success,True,True,315480.0,4.526515151515151,0,,100000,442.38016700000026,226.04991692586424,outputs/q1/_runtime/v3_n300_holdout/n300/Q1-BT/seed_3303/layout.json
Q1,n300,Q1-BT,3304,success,True,True,310612.0,5.217213114754099,0,,100000,430.59714819999954,232.23563002686907,outputs/q1/_runtime/v3_n300_holdout/n300/Q1-BT/seed_3304/layout.json
Q1,n300,Q1-BT,3305,success,True,True,299466.0,4.362595419847328,0,,100000,429.6584248999998,232.74302144377677,outputs/q1/_runtime/v3_n300_holdout/n300/Q1-BT/seed_3305/layout.json
Q1,n300,Q1-BT,3306,success,True,True,304460.0,4.503846153846154,0,,100000,432.9747853000008,230.96033162926963,outputs/q1/_runtime/v3_n300_holdout/n300/Q1-BT/seed_3306/layout.json
Q1,n300,Q1-BT,3307,success,True,True,314720.0,6.272321428571429,0,,100000,414.04312650000065,241.52073443489428,outputs/q1/_runtime/v3_n300_holdout/n300/Q1-BT/seed_3307/layout.json
Q1,n300,Q1-BT,3308,success,True,True,304402.0,5.373949579831932,0,,100000,422.1512386000004,236.88192964122197,outputs/q1/_runtime/v3_n300_holdout/n300/Q1-BT/seed_3308/layout.json
Q1,n300,Q1-BT,3309,success,True,True,305515.0,5.089795918367347,0,,100000,421.15928969999914,237.43985338951484,outputs/q1/_runtime/v3_n300_holdout/n300/Q1-BT/seed_3309/layout.json
Q1,n300,Q1-BT,3310,success,True,True,307901.0,4.810276679841897,0,,100000,430.02707649999957,232.54349659538263,outputs/q1/_runtime/v3_n300_holdout/n300/Q1-BT/seed_3310/layout.json
Q1,n300,Q1-BT,3311,success,True,True,307275.0,5.29045643153527,0,,100000,411.5380389000002,242.9909037504527,outputs/q1/_runtime/v3_n300_holdout/n300/Q1-BT/seed_3311/layout.json
Q1,n300,Q1-BT,3312,success,True,True,309034.0,5.276859504132231,0,,100000,414.0777043999997,241.50056604689794,outputs/q1/_runtime/v3_n300_holdout/n300/Q1-BT/seed_3312/layout.json
Q1,n300,Q1-BT,3313,success,True,True,317955.0,5.757446808510639,0,,100000,413.48536759999934,241.84652671128805,outputs/q1/_runtime/v3_n300_holdout/n300/Q1-BT/seed_3313/layout.json
Q1,n300,Q1-BT,3314,success,True,True,316800.0,6.545454545454546,0,,100000,401.5005385000004,249.06566843869848,outputs/q1/_runtime/v3_n300_holdout/n300/Q1-BT/seed_3314/layout.json
Q1,n300,Q1-BT,3315,success,True,True,308904.0,5.188524590163935,0,,100000,408.99218830000063,244.5034474023959,outputs/q1/_runtime/v3_n300_holdout/n300/Q1-BT/seed_3315/layout.json
Q1,n300,Q1-BT,3316,success,True,True,310797.0,5.2633744855967075,0,,100000,413.5525496,241.80723851593442,outputs/q1/_runtime/v3_n300_holdout/n300/Q1-BT/seed_3316/layout.json
Q1,n300,Q1-BT,3317,success,True,True,315324.0,6.065789473684211,0,,100000,408.1175310000008,245.0274550935667,outputs/q1/_runtime/v3_n300_holdout/n300/Q1-BT/seed_3317/layout.json
Q1,n300,Q1-BT,3318,success,True,True,315234.0,7.080568720379147,0,,100000,396.83431780000046,251.99433495164286,outputs/q1/_runtime/v3_n300_holdout/n300/Q1-BT/seed_3318/layout.json
Q1,n300,Q1-BT,3319,success,True,True,309000.0,4.944,0,,100000,436.12489320000077,229.29211691234832,outputs/q1/_runtime/v3_n300_holdout/n300/Q1-BT/seed_3319/layout.json
Q1,n300,Q1-BT,3320,success,True,True,310982.0,5.930131004366812,0,,100000,423.88845239999955,235.91112103623823,outputs/q1/_runtime/v3_n300_holdout/n300/Q1-BT/seed_3320/layout.json
Q1,n300,Q1-BT,3321,success,True,True,315190.0,6.818604651162791,0,,100000,420.56375280000066,237.77607873771058,outputs/q1/_runtime/v3_n300_holdout/n300/Q1-BT/seed_3321/layout.json
Q1,n300,Q1-BT,3322,success,True,True,313845.0,5.228571428571429,0,,100000,427.66774929999974,233.82637611481934,outputs/q1/_runtime/v3_n300_holdout/n300/Q1-BT/seed_3322/layout.json
Q1,n300,Q1-BT,3323,success,True,True,312201.0,4.010752688172043,0,,100000,452.32767590000094,221.07866780653868,outputs/q1/_runtime/v3_n300_holdout/n300/Q1-BT/seed_3323/layout.json
Q1,n300,Q1-BT,3324,success,True,True,303506.0,4.2894736842105265,0,,100000,440.8468186,226.83616118081702,outputs/q1/_runtime/v3_n300_holdout/n300/Q1-BT/seed_3324/layout.json
Q1,n300,Q1-BT,3325,success,True,True,313040.0,4.630769230769231,0,,100000,445.8175897000001,224.30698633333887,outputs/q1/_runtime/v3_n300_holdout/n300/Q1-BT/seed_3325/layout.json
Q1,n300,Q1-BT,3326,success,True,True,311454.0,5.688034188034188,0,,100000,422.97737700000016,236.41926362411567,outputs/q1/_runtime/v3_n300_holdout/n300/Q1-BT/seed_3326/layout.json
Q1,n300,Q1-BT,3327,success,True,True,309424.0,5.6995708154506435,0,,100000,354.39466849999917,282.17128779972103,outputs/q1/_runtime/v3_n300_holdout/n300/Q1-BT/seed_3327/layout.json
Q1,n300,Q1-BT,3328,success,True,True,306973.0,4.872509960159363,0,,100000,360.6298315999993,277.29264535973624,outputs/q1/_runtime/v3_n300_holdout/n300/Q1-BT/seed_3328/layout.json
Q1,n300,Q1-BT,3329,success,True,True,311131.0,5.356846473029045,0,,100000,356.11582909999925,280.80751213089,outputs/q1/_runtime/v3_n300_holdout/n300/Q1-BT/seed_3329/layout.json
Q1,n300,Q1-BT,3330,success,True,True,305915.0,3.5152542372881355,0,,100000,375.57219369999984,266.2603932810802,outputs/q1/_runtime/v3_n300_holdout/n300/Q1-BT/seed_3330/layout.json
